dataset,trans_num,cvr_code,pct_cvr,pct_comp,lon,lat
vp_data,2,EAF,0,0,-114.0091483,46.70880628
vp_data,2,EAG,0,0,-114.0091483,46.70880628
vp_data,2,EPF,0.2,0.52,-114.0091483,46.70880628
vp_data,2,EPG,0,0,-114.0091483,46.70880628
vp_data,2,NAF,0,0,-114.0091483,46.70880628
vp_data,2,NAG,0,0,-114.0091483,46.70880628
vp_data,2,NPF,4.6,11.86,-114.0091483,46.70880628
vp_data,2,NPG,34,87.63,-114.0091483,46.70880628
vp_data,3,EAF,5,12.48,-114.0116018,46.66669232
vp_data,3,EAG,2.2,5.49,-114.0116018,46.66669232
vp_data,3,EPF,0,0,-114.0116018,46.66669232
vp_data,3,EPG,0.02,0.05,-114.0116018,46.66669232
vp_data,3,NAF,0.04,0.1,-114.0116018,46.66669232
vp_data,3,NAG,0,0,-114.0116018,46.66669232
vp_data,3,NPF,19.8,49.43,-114.0116018,46.66669232
vp_data,3,NPG,13,32.45,-114.0116018,46.66669232
vp_data,4,EAF,0.28,1.73,-114.0168296,46.70158095
vp_data,4,EAG,6.02,37.25,-114.0168296,46.70158095
vp_data,4,EPF,0.62,3.84,-114.0168296,46.70158095
vp_data,4,EPG,7.6,47.03,-114.0168296,46.70158095
vp_data,4,NAF,0,0,-114.0168296,46.70158095
vp_data,4,NAG,0.04,0.25,-114.0168296,46.70158095
vp_data,4,NPF,0,0,-114.0168296,46.70158095
vp_data,4,NPG,1.6,9.9,-114.0168296,46.70158095
vp_data,5,EAF,0.8,2.72,-114.0106893,46.71493315
vp_data,5,EAG,0.2,0.68,-114.0106893,46.71493315
vp_data,5,EPF,0.2,0.68,-114.0106893,46.71493315
vp_data,5,EPG,11.4,38.78,-114.0106893,46.71493315
vp_data,5,NAF,1.4,4.76,-114.0106893,46.71493315
vp_data,5,NAG,0,0,-114.0106893,46.71493315
vp_data,5,NPF,6.4,21.77,-114.0106893,46.71493315
vp_data,5,NPG,9,30.61,-114.0106893,46.71493315
vp_data,6,EAF,0.55,5.27,-114.010916,46.70356411
vp_data,6,EAG,0.33,3.19,-114.010916,46.70356411
vp_data,6,EPF,0.17,1.6,-114.010916,46.70356411
vp_data,6,EPG,0.02,0.16,-114.010916,46.70356411
vp_data,6,NAF,0.02,0.16,-114.010916,46.70356411
vp_data,6,NAG,0.17,1.6,-114.010916,46.70356411
vp_data,6,NPF,3.85,36.9,-114.010916,46.70356411
vp_data,6,NPG,5.33,51.12,-114.010916,46.70356411
vp_data,7,EAF,4.33,11.73,-114.0101148,46.69794886
vp_data,7,EAG,20.35,55.07,-114.0101148,46.69794886
vp_data,7,EPF,7.18,19.44,-114.0101148,46.69794886
vp_data,7,EPG,0,0,-114.0101148,46.69794886
vp_data,7,NAF,0.5,1.35,-114.0101148,46.69794886
vp_data,7,NAG,0.37,0.99,-114.0101148,46.69794886
vp_data,7,NPF,2.67,7.22,-114.0101148,46.69794886
vp_data,7,NPG,1.55,4.19,-114.0101148,46.69794886
vp_data,8,EAF,0.67,2.88,-114.0106483,46.71196576
vp_data,8,EAG,0.33,1.44,-114.0106483,46.71196576
vp_data,8,EPF,0.17,0.72,-114.0106483,46.71196576
vp_data,8,EPG,11,47.48,-114.0106483,46.71196576
vp_data,8,NAF,0,0,-114.0106483,46.71196576
vp_data,8,NAG,0,0,-114.0106483,46.71196576
vp_data,8,NPF,4.67,20.14,-114.0106483,46.71196576
vp_data,8,NPG,6.33,27.34,-114.0106483,46.71196576
vp_data,9,EAF,0.83,2.65,-114.0047642,46.70773952
vp_data,9,EAG,28.5,90.48,-114.0047642,46.70773952
vp_data,9,EPF,0.5,1.59,-114.0047642,46.70773952
vp_data,9,EPG,0.33,1.06,-114.0047642,46.70773952
vp_data,9,NAF,1,3.17,-114.0047642,46.70773952
vp_data,9,NAG,0,0,-114.0047642,46.70773952
vp_data,9,NPF,0,0,-114.0047642,46.70773952
vp_data,9,NPG,0.33,1.06,-114.0047642,46.70773952
vp_data,10,EAF,0.2,0.48,-114.0111422,46.71754491
vp_data,10,EAG,0.2,0.48,-114.0111422,46.71754491
vp_data,10,EPF,1,2.39,-114.0111422,46.71754491
vp_data,10,EPG,0,0,-114.0111422,46.71754491
vp_data,10,NAF,0.4,0.96,-114.0111422,46.71754491
vp_data,10,NAG,0,0,-114.0111422,46.71754491
vp_data,10,NPF,21,50.24,-114.0111422,46.71754491
vp_data,10,NPG,19,45.45,-114.0111422,46.71754491
vp_data,11,EAF,0.58,1.72,-114.0141346,46.69860589
vp_data,11,EAG,0.88,2.6,-114.0141346,46.69860589
vp_data,11,EPF,18.83,55.39,-114.0141346,46.69860589
vp_data,11,EPG,2.5,7.35,-114.0141346,46.69860589
vp_data,11,NAF,0,0,-114.0141346,46.69860589
vp_data,11,NAG,0,0,-114.0141346,46.69860589
vp_data,11,NPF,2.52,7.4,-114.0141346,46.69860589
vp_data,11,NPG,8.68,25.54,-114.0141346,46.69860589
vp_data,12,EAF,0.57,3.78,-114.0090217,46.70286487
vp_data,12,EAG,0,0,-114.0090217,46.70286487
vp_data,12,EPF,0,0,-114.0090217,46.70286487
vp_data,12,EPG,0.02,0.11,-114.0090217,46.70286487
vp_data,12,NAF,1.2,8.01,-114.0090217,46.70286487
vp_data,12,NAG,0,0,-114.0090217,46.70286487
vp_data,12,NPF,7.18,47.94,-114.0090217,46.70286487
vp_data,12,NPG,6.02,40.16,-114.0090217,46.70286487
vp_data,13,EAF,0.6,1.83,-114.0075926,46.71288545
vp_data,13,EAG,4.4,13.41,-114.0075926,46.71288545
vp_data,13,EPF,2,6.1,-114.0075926,46.71288545
vp_data,13,EPG,0,0,-114.0075926,46.71288545
vp_data,13,NAF,1,3.05,-114.0075926,46.71288545
vp_data,13,NAG,0,0,-114.0075926,46.71288545
vp_data,13,NPF,13.2,40.24,-114.0075926,46.71288545
vp_data,13,NPG,11.6,35.37,-114.0075926,46.71288545
vp_data,15,EAF,0.67,5.88,-114.0070444,46.70911352
vp_data,15,EAG,0.5,4.41,-114.0070444,46.70911352
vp_data,15,EPF,0.17,1.47,-114.0070444,46.70911352
vp_data,15,EPG,1.83,16.18,-114.0070444,46.70911352
vp_data,15,NAF,0.33,2.94,-114.0070444,46.70911352
vp_data,15,NAG,0.5,4.41,-114.0070444,46.70911352
vp_data,15,NPF,5.17,45.59,-114.0070444,46.70911352
vp_data,15,NPG,2.17,19.12,-114.0070444,46.70911352
vp_data,18,EAF,2.02,15.16,-114.0128652,46.69712528
vp_data,18,EAG,0.18,1.38,-114.0128652,46.69712528
vp_data,18,EPF,0.5,3.76,-114.0128652,46.69712528
vp_data,18,EPG,0.37,2.76,-114.0128652,46.69712528
vp_data,18,NAF,0.03,0.25,-114.0128652,46.69712528
vp_data,18,NAG,0.02,0.13,-114.0128652,46.69712528
vp_data,18,NPF,2.52,18.92,-114.0128652,46.69712528
vp_data,18,NPG,7.67,57.64,-114.0128652,46.69712528
vp_data,20,EAF,2.4,6.03,-114.0125331,46.71370306
vp_data,20,EAG,0.2,0.5,-114.0125331,46.71370306
vp_data,20,EPF,0.4,1.01,-114.0125331,46.71370306
vp_data,20,EPG,18,45.23,-114.0125331,46.71370306
vp_data,20,NAF,0.8,2.01,-114.0125331,46.71370306
vp_data,20,NAG,0,0,-114.0125331,46.71370306
vp_data,20,NPF,7.8,19.6,-114.0125331,46.71370306
vp_data,20,NPG,10.2,25.63,-114.0125331,46.71370306
vp_data,21,EAF,0.08,0.44,-114.013335,46.70199496
vp_data,21,EAG,2.57,13.69,-114.013335,46.70199496
vp_data,21,EPF,2.52,13.42,-114.013335,46.70199496
vp_data,21,EPG,5.83,31.11,-114.013335,46.70199496
vp_data,21,NAF,0.52,2.76,-114.013335,46.70199496
vp_data,21,NAG,0.03,0.18,-114.013335,46.70199496
vp_data,21,NPF,2.67,14.22,-114.013335,46.70199496
vp_data,21,NPG,4.53,24.18,-114.013335,46.70199496
vp_data,22,EAF,0.17,0.52,-114.0086466,46.71393846
vp_data,22,EAG,0.5,1.57,-114.0086466,46.71393846
vp_data,22,EPF,0.83,2.62,-114.0086466,46.71393846
vp_data,22,EPG,2.5,7.85,-114.0086466,46.71393846
vp_data,22,NAF,0.17,0.52,-114.0086466,46.71393846
vp_data,22,NAG,0,0,-114.0086466,46.71393846
vp_data,22,NPF,1,3.14,-114.0086466,46.71393846
vp_data,22,NPG,26.67,83.77,-114.0086466,46.71393846
vp_data,24,EAF,1.2,8,-114.0141991,46.667621
vp_data,24,EAG,1.37,9.11,-114.0141991,46.667621
vp_data,24,EPF,0,0,-114.0141991,46.667621
vp_data,24,EPG,0.03,0.22,-114.0141991,46.667621
vp_data,24,NAF,0.23,1.56,-114.0141991,46.667621
vp_data,24,NAG,0,0,-114.0141991,46.667621
vp_data,24,NPF,0.17,1.11,-114.0141991,46.667621
vp_data,24,NPG,12,80,-114.0141991,46.667621
vp_data,29,EAF,1.4,9.72,-114.0073864,46.71088135
vp_data,29,EAG,0.4,2.78,-114.0073864,46.71088135
vp_data,29,EPF,2,13.89,-114.0073864,46.71088135
vp_data,29,EPG,1.4,9.72,-114.0073864,46.71088135
vp_data,29,NAF,0.2,1.39,-114.0073864,46.71088135
vp_data,29,NAG,0.8,5.56,-114.0073864,46.71088135
vp_data,29,NPF,0.8,5.56,-114.0073864,46.71088135
vp_data,29,NPG,7.4,51.39,-114.0073864,46.71088135
vp_data,30,EAF,4.4,20,-114.0060333,46.7054159
vp_data,30,EAG,7,31.82,-114.0060333,46.7054159
vp_data,30,EPF,0,0,-114.0060333,46.7054159
vp_data,30,EPG,0,0,-114.0060333,46.7054159
vp_data,30,NAF,0,0,-114.0060333,46.7054159
vp_data,30,NAG,0,0,-114.0060333,46.7054159
vp_data,30,NPF,0.4,1.82,-114.0060333,46.7054159
vp_data,30,NPG,10.2,46.36,-114.0060333,46.7054159
vp_data,31,EAF,0.02,0.04,-114.0147215,46.6997761
vp_data,31,EAG,0.04,0.07,-114.0147215,46.6997761
vp_data,31,EPF,11,20.33,-114.0147215,46.6997761
vp_data,31,EPG,14.04,25.95,-114.0147215,46.6997761
vp_data,31,NAF,0,0,-114.0147215,46.6997761
vp_data,31,NAG,0,0,-114.0147215,46.6997761
vp_data,31,NPF,0,0,-114.0147215,46.6997761
vp_data,31,NPG,29,53.6,-114.0147215,46.6997761
vp_data,34,EAF,0.67,3.92,-114.0100903,46.71066227
vp_data,34,EAG,0,0,-114.0100903,46.71066227
vp_data,34,EPF,0.17,0.98,-114.0100903,46.71066227
vp_data,34,EPG,0,0,-114.0100903,46.71066227
vp_data,34,NAF,0,0,-114.0100903,46.71066227
vp_data,34,NAG,0.33,1.96,-114.0100903,46.71066227
vp_data,34,NPF,5.17,30.39,-114.0100903,46.71066227
vp_data,34,NPG,10.67,62.75,-114.0100903,46.71066227
vp_data,36,EAF,0.2,1.56,-114.0106383,46.71626667
vp_data,36,EAG,0,0,-114.0106383,46.71626667
vp_data,36,EPF,0.2,1.56,-114.0106383,46.71626667
vp_data,36,EPG,0.4,3.12,-114.0106383,46.71626667
vp_data,36,NAF,0.4,3.12,-114.0106383,46.71626667
vp_data,36,NAG,0,0,-114.0106383,46.71626667
vp_data,36,NPF,6.2,48.44,-114.0106383,46.71626667
vp_data,36,NPG,5.4,42.19,-114.0106383,46.71626667
vp_data,46,EAF,0.23,1.12,-114.0026367,46.6959516
vp_data,46,EAG,0.05,0.24,-114.0026367,46.6959516
vp_data,46,EPF,0,0,-114.0026367,46.6959516
vp_data,46,EPG,0,0,-114.0026367,46.6959516
vp_data,46,NAF,0,0,-114.0026367,46.6959516
vp_data,46,NAG,0,0,-114.0026367,46.6959516
vp_data,46,NPF,11.18,53.77,-114.0026367,46.6959516
vp_data,46,NPG,9.33,44.87,-114.0026367,46.6959516
vp_data,50,EAF,0.83,4.39,-114.0117021,46.70838791
vp_data,50,EAG,0.33,1.75,-114.0117021,46.70838791
vp_data,50,EPF,0,0,-114.0117021,46.70838791
vp_data,50,EPG,0,0,-114.0117021,46.70838791
vp_data,50,NAF,0,0,-114.0117021,46.70838791
vp_data,50,NAG,0.67,3.51,-114.0117021,46.70838791
vp_data,50,NPF,6.67,35.09,-114.0117021,46.70838791
vp_data,50,NPG,10.5,55.26,-114.0117021,46.70838791
vp_data,54,EAF,1.38,15.12,-114.0130833,46.66616946
vp_data,54,EAG,0.55,6.01,-114.0130833,46.66616946
vp_data,54,EPF,0,0,-114.0130833,46.66616946
vp_data,54,EPG,0,0,-114.0130833,46.66616946
vp_data,54,NAF,0.18,2,-114.0130833,46.66616946
vp_data,54,NAG,0.02,0.18,-114.0130833,46.66616946
vp_data,54,NPF,3.5,38.25,-114.0130833,46.66616946
vp_data,54,NPG,3.52,38.43,-114.0130833,46.66616946
vp_data,56,EAF,1.07,4.51,-114.014052,46.69670409
vp_data,56,EAG,0.05,0.21,-114.014052,46.69670409
vp_data,56,EPF,3.33,14.09,-114.014052,46.69670409
vp_data,56,EPG,4.67,19.73,-114.014052,46.69670409
vp_data,56,NAF,0,0,-114.014052,46.69670409
vp_data,56,NAG,0.03,0.14,-114.014052,46.69670409
vp_data,56,NPF,4.33,18.32,-114.014052,46.69670409
vp_data,56,NPG,10.17,42.99,-114.014052,46.69670409
vp_data,57,EAF,1.05,6.58,-114.0132885,46.70322587
vp_data,57,EAG,0.7,4.38,-114.0132885,46.70322587
vp_data,57,EPF,1.67,10.44,-114.0132885,46.70322587
vp_data,57,EPG,5.02,31.42,-114.0132885,46.70322587
vp_data,57,NAF,0.02,0.1,-114.0132885,46.70322587
vp_data,57,NAG,0.33,2.09,-114.0132885,46.70322587
vp_data,57,NPF,0.33,2.09,-114.0132885,46.70322587
vp_data,57,NPG,6.85,42.9,-114.0132885,46.70322587
vp_data,58,EAF,1.4,3.38,-114.0126089,46.71456566
vp_data,58,EAG,1.2,2.9,-114.0126089,46.71456566
vp_data,58,EPF,7,16.91,-114.0126089,46.71456566
vp_data,58,EPG,4.2,10.14,-114.0126089,46.71456566
vp_data,58,NAF,0.6,1.45,-114.0126089,46.71456566
vp_data,58,NAG,0,0,-114.0126089,46.71456566
vp_data,58,NPF,18,43.48,-114.0126089,46.71456566
vp_data,58,NPG,9,21.74,-114.0126089,46.71456566
vp_data,59,EAF,7.67,32.62,-114.0027319,46.70825141
vp_data,59,EAG,4.17,17.73,-114.0027319,46.70825141
vp_data,59,EPF,7.33,31.21,-114.0027319,46.70825141
vp_data,59,EPG,0,0,-114.0027319,46.70825141
vp_data,59,NAF,0.5,2.13,-114.0027319,46.70825141
vp_data,59,NAG,0,0,-114.0027319,46.70825141
vp_data,59,NPF,2.5,10.64,-114.0027319,46.70825141
vp_data,59,NPG,1.33,5.67,-114.0027319,46.70825141
vp_data,61,EAF,0.22,1.05,-114.0022488,46.69837725
vp_data,61,EAG,0.03,0.16,-114.0022488,46.69837725
vp_data,61,EPF,0.33,1.62,-114.0022488,46.69837725
vp_data,61,EPG,0.85,4.12,-114.0022488,46.69837725
vp_data,61,NAF,0.02,0.08,-114.0022488,46.69837725
vp_data,61,NAG,0,0,-114.0022488,46.69837725
vp_data,61,NPF,3,14.54,-114.0022488,46.69837725
vp_data,61,NPG,16.18,78.43,-114.0022488,46.69837725
vp_data,62,EAF,4.4,22.43,-114.0119364,46.69723527
vp_data,62,EAG,0.02,0.1,-114.0119364,46.69723527
vp_data,62,EPF,0.24,1.22,-114.0119364,46.69723527
vp_data,62,EPG,6,30.58,-114.0119364,46.69723527
vp_data,62,NAF,0.44,2.24,-114.0119364,46.69723527
vp_data,62,NAG,0.1,0.51,-114.0119364,46.69723527
vp_data,62,NPF,1.22,6.22,-114.0119364,46.69723527
vp_data,62,NPG,7.2,36.7,-114.0119364,46.69723527
vp_data,63,EAF,0.2,0.48,-114.0110445,46.71653529
vp_data,63,EAG,0.2,0.48,-114.0110445,46.71653529
vp_data,63,EPF,0,0,-114.0110445,46.71653529
vp_data,63,EPG,0,0,-114.0110445,46.71653529
vp_data,63,NAF,0.4,0.96,-114.0110445,46.71653529
vp_data,63,NAG,0,0,-114.0110445,46.71653529
vp_data,63,NPF,15,35.89,-114.0110445,46.71653529
vp_data,63,NPG,26,62.2,-114.0110445,46.71653529
vp_data,66,EAF,0.28,1.34,-114.0084988,46.69648875
vp_data,66,EAG,0,0,-114.0084988,46.69648875
vp_data,66,EPF,0.4,1.91,-114.0084988,46.69648875
vp_data,66,EPG,8.04,38.36,-114.0084988,46.69648875
vp_data,66,NAF,0.04,0.19,-114.0084988,46.69648875
vp_data,66,NAG,0,0,-114.0084988,46.69648875
vp_data,66,NPF,2.4,11.45,-114.0084988,46.69648875
vp_data,66,NPG,9.8,46.76,-114.0084988,46.69648875
vp_data,67,EAF,0.25,2.08,-114.0088512,46.70229984
vp_data,67,EAG,0.72,5.96,-114.0088512,46.70229984
vp_data,67,EPF,0,0,-114.0088512,46.70229984
vp_data,67,EPG,4.17,34.67,-114.0088512,46.70229984
vp_data,67,NAF,0.17,1.39,-114.0088512,46.70229984
vp_data,67,NAG,0,0,-114.0088512,46.70229984
vp_data,67,NPF,0.87,7.21,-114.0088512,46.70229984
vp_data,67,NPG,5.85,48.68,-114.0088512,46.70229984
vp_data,69,EAF,1.67,9.43,-114.0104046,46.71091727
vp_data,69,EAG,0.5,2.83,-114.0104046,46.71091727
vp_data,69,EPF,0,0,-114.0104046,46.71091727
vp_data,69,EPG,0,0,-114.0104046,46.71091727
vp_data,69,NAF,0.17,0.94,-114.0104046,46.71091727
vp_data,69,NAG,0.33,1.89,-114.0104046,46.71091727
vp_data,69,NPF,8.5,48.11,-114.0104046,46.71091727
vp_data,69,NPG,6.5,36.79,-114.0104046,46.71091727
vp_data,70,EAF,2.4,13.89,-114.011401,46.66571605
vp_data,70,EAG,0.02,0.12,-114.011401,46.66571605
vp_data,70,EPF,0,0,-114.011401,46.66571605
vp_data,70,EPG,0,0,-114.011401,46.66571605
vp_data,70,NAF,0.04,0.23,-114.011401,46.66571605
vp_data,70,NAG,0,0,-114.011401,46.66571605
vp_data,70,NPF,5.02,29.05,-114.011401,46.66571605
vp_data,70,NPG,9.8,56.71,-114.011401,46.66571605
vp_data,72,EAF,0.17,0.99,-114.009278,46.70766534
vp_data,72,EAG,0,0,-114.009278,46.70766534
vp_data,72,EPF,0.33,1.98,-114.009278,46.70766534
vp_data,72,EPG,0,0,-114.009278,46.70766534
vp_data,72,NAF,0,0,-114.009278,46.70766534
vp_data,72,NAG,0,0,-114.009278,46.70766534
vp_data,72,NPF,3,17.82,-114.009278,46.70766534
vp_data,72,NPG,13.33,79.21,-114.009278,46.70766534
vp_data,76,EAF,0.88,1.67,-114.0059697,46.69801281
vp_data,76,EAG,0.02,0.03,-114.0059697,46.69801281
vp_data,76,EPF,0.83,1.57,-114.0059697,46.69801281
vp_data,76,EPG,0,0,-114.0059697,46.69801281
vp_data,76,NAF,1.17,2.2,-114.0059697,46.69801281
vp_data,76,NAG,0,0,-114.0059697,46.69801281
vp_data,76,NPF,15,28.35,-114.0059697,46.69801281
vp_data,76,NPG,35.02,66.17,-114.0059697,46.69801281
vp_data,78,EAF,3.2,16.06,-114.0106183,46.66655045
vp_data,78,EAG,0.82,4.12,-114.0106183,46.66655045
vp_data,78,EPF,0.02,0.1,-114.0106183,46.66655045
vp_data,78,EPG,0.22,1.1,-114.0106183,46.66655045
vp_data,78,NAF,0.46,2.31,-114.0106183,46.66655045
vp_data,78,NAG,0,0,-114.0106183,46.66655045
vp_data,78,NPF,3.6,18.07,-114.0106183,46.66655045
vp_data,78,NPG,11.6,58.23,-114.0106183,46.66655045
vp_data,79,EAF,0.04,0.15,-114.013476,46.70118905
vp_data,79,EAG,3.22,12.39,-114.013476,46.70118905
vp_data,79,EPF,1.42,5.47,-114.013476,46.70118905
vp_data,79,EPG,7.4,28.48,-114.013476,46.70118905
vp_data,79,NAF,0.06,0.23,-114.013476,46.70118905
vp_data,79,NAG,0,0,-114.013476,46.70118905
vp_data,79,NPF,6.22,23.94,-114.013476,46.70118905
vp_data,79,NPG,7.62,29.33,-114.013476,46.70118905
vp_data,80,EAF,4.02,27.76,-114.0106111,46.66680857
vp_data,80,EAG,5.02,34.68,-114.0106111,46.66680857
vp_data,80,EPF,0,0,-114.0106111,46.66680857
vp_data,80,EPG,0,0,-114.0106111,46.66680857
vp_data,80,NAF,0.08,0.58,-114.0106111,46.66680857
vp_data,80,NAG,0,0,-114.0106111,46.66680857
vp_data,80,NPF,0.18,1.27,-114.0106111,46.66680857
vp_data,80,NPG,5.17,35.71,-114.0106111,46.66680857
vp_data,83,EAF,1.67,4.33,-114.0068992,46.71201134
vp_data,83,EAG,0.33,0.87,-114.0068992,46.71201134
vp_data,83,EPF,9,23.38,-114.0068992,46.71201134
vp_data,83,EPG,3.83,9.96,-114.0068992,46.71201134
vp_data,83,NAF,0.5,1.3,-114.0068992,46.71201134
vp_data,83,NAG,0.5,1.3,-114.0068992,46.71201134
vp_data,83,NPF,5.17,13.42,-114.0068992,46.71201134
vp_data,83,NPG,17.5,45.45,-114.0068992,46.71201134
vp_data,86,EAF,0.9,10.59,-114.0101134,46.70350612
vp_data,86,EAG,0.02,0.2,-114.0101134,46.70350612
vp_data,86,EPF,0,0,-114.0101134,46.70350612
vp_data,86,EPG,0.83,9.8,-114.0101134,46.70350612
vp_data,86,NAF,0.03,0.39,-114.0101134,46.70350612
vp_data,86,NAG,0,0,-114.0101134,46.70350612
vp_data,86,NPF,0.03,0.39,-114.0101134,46.70350612
vp_data,86,NPG,6.68,78.63,-114.0101134,46.70350612
vp_data,87,EAF,1,5.13,-114.0091052,46.71196113
vp_data,87,EAG,5.17,26.5,-114.0091052,46.71196113
vp_data,87,EPF,0.33,1.71,-114.0091052,46.71196113
vp_data,87,EPG,7,35.9,-114.0091052,46.71196113
vp_data,87,NAF,0.17,0.85,-114.0091052,46.71196113
vp_data,87,NAG,0.5,2.56,-114.0091052,46.71196113
vp_data,87,NPF,1.17,5.98,-114.0091052,46.71196113
vp_data,87,NPG,4.17,21.37,-114.0091052,46.71196113
vp_data,88,EAF,0.83,2.6,-114.0093951,46.71108811
vp_data,88,EAG,0,0,-114.0093951,46.71108811
vp_data,88,EPF,2.67,8.33,-114.0093951,46.71108811
vp_data,88,EPG,0,0,-114.0093951,46.71108811
vp_data,88,NAF,0.83,2.6,-114.0093951,46.71108811
vp_data,88,NAG,0.33,1.04,-114.0093951,46.71108811
vp_data,88,NPF,5.67,17.71,-114.0093951,46.71108811
vp_data,88,NPG,21.67,67.71,-114.0093951,46.71108811
vp_data,89,EAF,0.4,0.86,-114.0094721,46.7168921
vp_data,89,EAG,0,0,-114.0094721,46.7168921
vp_data,89,EPF,0.2,0.43,-114.0094721,46.7168921
vp_data,89,EPG,0,0,-114.0094721,46.7168921
vp_data,89,NAF,0.8,1.72,-114.0094721,46.7168921
vp_data,89,NAG,0,0,-114.0094721,46.7168921
vp_data,89,NPF,10,21.46,-114.0094721,46.7168921
vp_data,89,NPG,35.2,75.54,-114.0094721,46.7168921
vp_data,90,EAF,0.6,2.68,-114.0116361,46.715837
vp_data,90,EAG,3.4,15.18,-114.0116361,46.715837
vp_data,90,EPF,0.2,0.89,-114.0116361,46.715837
vp_data,90,EPG,1.2,5.36,-114.0116361,46.715837
vp_data,90,NAF,0.2,0.89,-114.0116361,46.715837
vp_data,90,NAG,0,0,-114.0116361,46.715837
vp_data,90,NPF,8.4,37.5,-114.0116361,46.715837
vp_data,90,NPG,8.4,37.5,-114.0116361,46.715837
vp_data,91,EAF,0.06,0.09,-114.0163272,46.70227947
vp_data,91,EAG,0,0,-114.0163272,46.70227947
vp_data,91,EPF,22,31.58,-114.0163272,46.70227947
vp_data,91,EPG,23,33.02,-114.0163272,46.70227947
vp_data,91,NAF,0.2,0.29,-114.0163272,46.70227947
vp_data,91,NAG,0,0,-114.0163272,46.70227947
vp_data,91,NPF,7,10.05,-114.0163272,46.70227947
vp_data,91,NPG,17.4,24.98,-114.0163272,46.70227947
vp_data,93,EAF,0.66,2.61,-114.0184364,46.70132836
vp_data,93,EAG,0,0,-114.0184364,46.70132836
vp_data,93,EPF,0.2,0.79,-114.0184364,46.70132836
vp_data,93,EPG,14,55.38,-114.0184364,46.70132836
vp_data,93,NAF,0,0,-114.0184364,46.70132836
vp_data,93,NAG,0,0,-114.0184364,46.70132836
vp_data,93,NPF,1.6,6.33,-114.0184364,46.70132836
vp_data,93,NPG,8.82,34.89,-114.0184364,46.70132836
vp_data,94,EAF,1.82,3.4,-114.0091647,46.70430855
vp_data,94,EAG,34.4,64.32,-114.0091647,46.70430855
vp_data,94,EPF,1.42,2.66,-114.0091647,46.70430855
vp_data,94,EPG,0.02,0.04,-114.0091647,46.70430855
vp_data,94,NAF,0.62,1.16,-114.0091647,46.70430855
vp_data,94,NAG,0,0,-114.0091647,46.70430855
vp_data,94,NPF,0.6,1.12,-114.0091647,46.70430855
vp_data,94,NPG,14.6,27.3,-114.0091647,46.70430855
vp_data,95,EAF,1.4,8.97,-114.0080508,46.70878072
vp_data,95,EAG,0,0,-114.0080508,46.70878072
vp_data,95,EPF,0,0,-114.0080508,46.70878072
vp_data,95,EPG,0,0,-114.0080508,46.70878072
vp_data,95,NAF,0,0,-114.0080508,46.70878072
vp_data,95,NAG,0.6,3.85,-114.0080508,46.70878072
vp_data,95,NPF,6,38.46,-114.0080508,46.70878072
vp_data,95,NPG,7.6,48.72,-114.0080508,46.70878072
vp_data,97,EAF,0,0,-114.0106491,46.7129009
vp_data,97,EAG,0.5,4.05,-114.0106491,46.7129009
vp_data,97,EPF,8.67,70.27,-114.0106491,46.7129009
vp_data,97,EPG,0.83,6.76,-114.0106491,46.7129009
vp_data,97,NAF,0.17,1.35,-114.0106491,46.7129009
vp_data,97,NAG,0,0,-114.0106491,46.7129009
vp_data,97,NPF,0.33,2.7,-114.0106491,46.7129009
vp_data,97,NPG,1.83,14.86,-114.0106491,46.7129009
vp_data,98,EAF,2.2,8.87,-114.0114686,46.71422786
vp_data,98,EAG,2.6,10.48,-114.0114686,46.71422786
vp_data,98,EPF,0,0,-114.0114686,46.71422786
vp_data,98,EPG,10,40.32,-114.0114686,46.71422786
vp_data,98,NAF,0.8,3.23,-114.0114686,46.71422786
vp_data,98,NAG,0,0,-114.0114686,46.71422786
vp_data,98,NPF,4.6,18.55,-114.0114686,46.71422786
vp_data,98,NPG,4.6,18.55,-114.0114686,46.71422786
vp_data,100,EAF,1.68,9.22,-114.0111819,46.69707945
vp_data,100,EAG,0,0,-114.0111819,46.69707945
vp_data,100,EPF,1.68,9.22,-114.0111819,46.69707945
vp_data,100,EPG,0,0,-114.0111819,46.69707945
vp_data,100,NAF,0.02,0.09,-114.0111819,46.69707945
vp_data,100,NAG,0.03,0.18,-114.0111819,46.69707945
vp_data,100,NPF,3.52,19.25,-114.0111819,46.69707945
vp_data,100,NPG,11.33,62.04,-114.0111819,46.69707945
vp_data,103,EAF,0.64,1.65,-114.0197967,46.7017693
vp_data,103,EAG,0.08,0.21,-114.0197967,46.7017693
vp_data,103,EPF,3.42,8.81,-114.0197967,46.7017693
vp_data,103,EPG,0.02,0.05,-114.0197967,46.7017693
vp_data,103,NAF,0.02,0.05,-114.0197967,46.7017693
vp_data,103,NAG,0.02,0.05,-114.0197967,46.7017693
vp_data,103,NPF,6.6,17.01,-114.0197967,46.7017693
vp_data,103,NPG,28,72.16,-114.0197967,46.7017693
vp_data,106,EAF,2.33,7.57,-114.0097949,46.70923687
vp_data,106,EAG,6.5,21.08,-114.0097949,46.70923687
vp_data,106,EPF,0.17,0.54,-114.0097949,46.70923687
vp_data,106,EPG,1.33,4.32,-114.0097949,46.70923687
vp_data,106,NAF,1.33,4.32,-114.0097949,46.70923687
vp_data,106,NAG,0.67,2.16,-114.0097949,46.70923687
vp_data,106,NPF,10.67,34.59,-114.0097949,46.70923687
vp_data,106,NPG,7.83,25.41,-114.0097949,46.70923687
vp_data,107,EAF,1,4,-114.0118055,46.71367717
vp_data,107,EAG,0.6,2.4,-114.0118055,46.71367717
vp_data,107,EPF,0,0,-114.0118055,46.71367717
vp_data,107,EPG,17,68,-114.0118055,46.71367717
vp_data,107,NAF,0.6,2.4,-114.0118055,46.71367717
vp_data,107,NAG,0,0,-114.0118055,46.71367717
vp_data,107,NPF,2.6,10.4,-114.0118055,46.71367717
vp_data,107,NPG,3.2,12.8,-114.0118055,46.71367717
vp_data,108,EAF,1.22,11.84,-114.0095367,46.70302614
vp_data,108,EAG,0,0,-114.0095367,46.70302614
vp_data,108,EPF,0,0,-114.0095367,46.70302614
vp_data,108,EPG,0,0,-114.0095367,46.70302614
vp_data,108,NAF,0,0,-114.0095367,46.70302614
vp_data,108,NAG,0,0,-114.0095367,46.70302614
vp_data,108,NPF,1.64,15.92,-114.0095367,46.70302614
vp_data,108,NPG,7.44,72.23,-114.0095367,46.70302614
vp_data,109,EAF,0.2,0.47,-114.0123906,46.71672295
vp_data,109,EAG,0.2,0.47,-114.0123906,46.71672295
vp_data,109,EPF,19,44.19,-114.0123906,46.71672295
vp_data,109,EPG,1.4,3.26,-114.0123906,46.71672295
vp_data,109,NAF,0.2,0.47,-114.0123906,46.71672295
vp_data,109,NAG,0,0,-114.0123906,46.71672295
vp_data,109,NPF,5,11.63,-114.0123906,46.71672295
vp_data,109,NPG,17,39.53,-114.0123906,46.71672295
vp_data,110,EAF,0.83,6.94,-114.003506,46.70848223
vp_data,110,EAG,0.5,4.17,-114.003506,46.70848223
vp_data,110,EPF,0,0,-114.003506,46.70848223
vp_data,110,EPG,0,0,-114.003506,46.70848223
vp_data,110,NAF,0.67,5.56,-114.003506,46.70848223
vp_data,110,NAG,0.33,2.78,-114.003506,46.70848223
vp_data,110,NPF,0.17,1.39,-114.003506,46.70848223
vp_data,110,NPG,9.5,79.17,-114.003506,46.70848223
vp_data,112,EAF,0.17,1.19,-114.0064245,46.7110384
vp_data,112,EAG,0.83,5.95,-114.0064245,46.7110384
vp_data,112,EPF,4.17,29.76,-114.0064245,46.7110384
vp_data,112,EPG,1,7.14,-114.0064245,46.7110384
vp_data,112,NAF,0,0,-114.0064245,46.7110384
vp_data,112,NAG,0.17,1.19,-114.0064245,46.7110384
vp_data,112,NPF,0.17,1.19,-114.0064245,46.7110384
vp_data,112,NPG,7.5,53.57,-114.0064245,46.7110384
vp_data,115,EAF,0.6,1.72,-114.0110609,46.70750585
vp_data,115,EAG,0,0,-114.0110609,46.70750585
vp_data,115,EPF,2.2,6.32,-114.0110609,46.70750585
vp_data,115,EPG,20,57.47,-114.0110609,46.70750585
vp_data,115,NAF,0,0,-114.0110609,46.70750585
vp_data,115,NAG,0,0,-114.0110609,46.70750585
vp_data,115,NPF,7.4,21.26,-114.0110609,46.70750585
vp_data,115,NPG,4.6,13.22,-114.0110609,46.70750585
vp_data,118,EAF,1.2,5.13,-114.007104,46.71452069
vp_data,118,EAG,0.2,0.85,-114.007104,46.71452069
vp_data,118,EPF,0,0,-114.007104,46.71452069
vp_data,118,EPG,0.8,3.42,-114.007104,46.71452069
vp_data,118,NAF,0.2,0.85,-114.007104,46.71452069
vp_data,118,NAG,0.2,0.85,-114.007104,46.71452069
vp_data,118,NPF,5.8,24.79,-114.007104,46.71452069
vp_data,118,NPG,15,64.1,-114.007104,46.71452069
vp_data,121,EAF,2.2,9.02,-114.011377,46.71569643
vp_data,121,EAG,7.2,29.51,-114.011377,46.71569643
vp_data,121,EPF,2.4,9.84,-114.011377,46.71569643
vp_data,121,EPG,4,16.39,-114.011377,46.71569643
vp_data,121,NAF,1,4.1,-114.011377,46.71569643
vp_data,121,NAG,0,0,-114.011377,46.71569643
vp_data,121,NPF,4.4,18.03,-114.011377,46.71569643
vp_data,121,NPG,3.2,13.11,-114.011377,46.71569643
vp_data,122,EAF,1.8,9.94,-114.0115083,46.66623679
vp_data,122,EAG,0,0,-114.0115083,46.66623679
vp_data,122,EPF,0,0,-114.0115083,46.66623679
vp_data,122,EPG,0.02,0.11,-114.0115083,46.66623679
vp_data,122,NAF,0.02,0.11,-114.0115083,46.66623679
vp_data,122,NAG,0.04,0.22,-114.0115083,46.66623679
vp_data,122,NPF,0.82,4.53,-114.0115083,46.66623679
vp_data,122,NPG,15.4,85.08,-114.0115083,46.66623679
vp_data,127,EAF,0.72,3.64,-114.0091583,46.70334972
vp_data,127,EAG,0.02,0.08,-114.0091583,46.70334972
vp_data,127,EPF,2.5,12.69,-114.0091583,46.70334972
vp_data,127,EPG,1.72,8.71,-114.0091583,46.70334972
vp_data,127,NAF,0.88,4.48,-114.0091583,46.70334972
vp_data,127,NAG,0,0,-114.0091583,46.70334972
vp_data,127,NPF,3.35,17.01,-114.0091583,46.70334972
vp_data,127,NPG,10.52,53.38,-114.0091583,46.70334972
vp_data,128,EAF,2.04,9.1,-114.0120366,46.6675523
vp_data,128,EAG,0.06,0.27,-114.0120366,46.6675523
vp_data,128,EPF,0,0,-114.0120366,46.6675523
vp_data,128,EPG,0.44,1.96,-114.0120366,46.6675523
vp_data,128,NAF,0.06,0.27,-114.0120366,46.6675523
vp_data,128,NAG,0.02,0.09,-114.0120366,46.6675523
vp_data,128,NPF,0.4,1.78,-114.0120366,46.6675523
vp_data,128,NPG,19.4,86.53,-114.0120366,46.6675523
vp_data,130,EAF,1.8,8.57,-114.0119717,46.71474076
vp_data,130,EAG,0.6,2.86,-114.0119717,46.71474076
vp_data,130,EPF,0,0,-114.0119717,46.71474076
vp_data,130,EPG,0,0,-114.0119717,46.71474076
vp_data,130,NAF,1.2,5.71,-114.0119717,46.71474076
vp_data,130,NAG,0,0,-114.0119717,46.71474076
vp_data,130,NPF,10,47.62,-114.0119717,46.71474076
vp_data,130,NPG,7.4,35.24,-114.0119717,46.71474076
vp_data,131,EAF,0.67,12.5,-114.0066959,46.70901115
vp_data,131,EAG,0.5,9.38,-114.0066959,46.70901115
vp_data,131,EPF,0.33,6.25,-114.0066959,46.70901115
vp_data,131,EPG,0.5,9.38,-114.0066959,46.70901115
vp_data,131,NAF,0.17,3.12,-114.0066959,46.70901115
vp_data,131,NAG,0.17,3.12,-114.0066959,46.70901115
vp_data,131,NPF,1,18.75,-114.0066959,46.70901115
vp_data,131,NPG,2,37.5,-114.0066959,46.70901115
vp_data,132,EAF,0.48,2.48,-114.0108236,46.70272028
vp_data,132,EAG,0,0,-114.0108236,46.70272028
vp_data,132,EPF,0.8,4.13,-114.0108236,46.70272028
vp_data,132,EPG,6.02,31.1,-114.0108236,46.70272028
vp_data,132,NAF,0.02,0.1,-114.0108236,46.70272028
vp_data,132,NAG,0.02,0.1,-114.0108236,46.70272028
vp_data,132,NPF,4.8,24.79,-114.0108236,46.70272028
vp_data,132,NPG,7.22,37.29,-114.0108236,46.70272028
vp_data,138,EAF,2.02,36.23,-114.0136223,46.66740805
vp_data,138,EAG,0.18,3.29,-114.0136223,46.66740805
vp_data,138,EPF,0.17,2.99,-114.0136223,46.66740805
vp_data,138,EPG,0,0,-114.0136223,46.66740805
vp_data,138,NAF,0.2,3.59,-114.0136223,46.66740805
vp_data,138,NAG,0,0,-114.0136223,46.66740805
vp_data,138,NPF,0,0,-114.0136223,46.66740805
vp_data,138,NPG,3,53.89,-114.0136223,46.66740805
vp_data,140,EAF,1,3.97,-114.0129327,46.70730787
vp_data,140,EAG,1.4,5.56,-114.0129327,46.70730787
vp_data,140,EPF,0.6,2.38,-114.0129327,46.70730787
vp_data,140,EPG,16,63.49,-114.0129327,46.70730787
vp_data,140,NAF,0,0,-114.0129327,46.70730787
vp_data,140,NAG,0.6,2.38,-114.0129327,46.70730787
vp_data,140,NPF,3.2,12.7,-114.0129327,46.70730787
vp_data,140,NPG,2.4,9.52,-114.0129327,46.70730787
vp_data,141,EAF,11.03,23.43,-114.0033295,46.69578585
vp_data,141,EAG,6.37,13.52,-114.0033295,46.69578585
vp_data,141,EPF,18.33,38.92,-114.0033295,46.69578585
vp_data,141,EPG,0.02,0.04,-114.0033295,46.69578585
vp_data,141,NAF,0,0,-114.0033295,46.69578585
vp_data,141,NAG,0,0,-114.0033295,46.69578585
vp_data,141,NPF,1.18,2.51,-114.0033295,46.69578585
vp_data,141,NPG,10.17,21.59,-114.0033295,46.69578585
vp_data,144,EAF,2.42,9.31,-114.0141561,46.66737935
vp_data,144,EAG,6.26,24.08,-114.0141561,46.66737935
vp_data,144,EPF,0,0,-114.0141561,46.66737935
vp_data,144,EPG,2,7.69,-114.0141561,46.66737935
vp_data,144,NAF,0.1,0.38,-114.0141561,46.66737935
vp_data,144,NAG,0,0,-114.0141561,46.66737935
vp_data,144,NPF,0.2,0.77,-114.0141561,46.66737935
vp_data,144,NPG,15.02,57.77,-114.0141561,46.66737935
vp_data,146,EAF,0.1,1.61,-114.0129445,46.66592252
vp_data,146,EAG,0,0,-114.0129445,46.66592252
vp_data,146,EPF,0,0,-114.0129445,46.66592252
vp_data,146,EPG,0,0,-114.0129445,46.66592252
vp_data,146,NAF,0,0,-114.0129445,46.66592252
vp_data,146,NAG,0,0,-114.0129445,46.66592252
vp_data,146,NPF,0.1,1.61,-114.0129445,46.66592252
vp_data,146,NPG,6,96.77,-114.0129445,46.66592252
vp_data,147,EAF,0.02,0.06,-114.0038712,46.69696063
vp_data,147,EAG,0,0,-114.0038712,46.69696063
vp_data,147,EPF,0,0,-114.0038712,46.69696063
vp_data,147,EPG,0,0,-114.0038712,46.69696063
vp_data,147,NAF,0,0,-114.0038712,46.69696063
vp_data,147,NAG,0,0,-114.0038712,46.69696063
vp_data,147,NPF,2.22,6.3,-114.0038712,46.69696063
vp_data,147,NPG,33,93.64,-114.0038712,46.69696063
vp_data,151,EAF,0.88,2.65,-114.0102031,46.70226213
vp_data,151,EAG,1.53,4.6,-114.0102031,46.70226213
vp_data,151,EPF,0,0,-114.0102031,46.70226213
vp_data,151,EPG,3.37,10.1,-114.0102031,46.70226213
vp_data,151,NAF,0.03,0.1,-114.0102031,46.70226213
vp_data,151,NAG,0,0,-114.0102031,46.70226213
vp_data,151,NPF,20,60,-114.0102031,46.70226213
vp_data,151,NPG,7.52,22.55,-114.0102031,46.70226213
vp_data,153,EAF,2.17,11.83,-114.0086135,46.66660624
vp_data,153,EAG,0.02,0.09,-114.0086135,46.66660624
vp_data,153,EPF,0,0,-114.0086135,46.66660624
vp_data,153,EPG,0,0,-114.0086135,46.66660624
vp_data,153,NAF,0.4,2.18,-114.0086135,46.66660624
vp_data,153,NAG,0,0,-114.0086135,46.66660624
vp_data,153,NPF,2.07,11.28,-114.0086135,46.66660624
vp_data,153,NPG,13.67,74.61,-114.0086135,46.66660624
vp_data,157,EAF,1.33,12.7,-114.008814,46.70868973
vp_data,157,EAG,0,0,-114.008814,46.70868973
vp_data,157,EPF,1,9.52,-114.008814,46.70868973
vp_data,157,EPG,0.17,1.59,-114.008814,46.70868973
vp_data,157,NAF,0.17,1.59,-114.008814,46.70868973
vp_data,157,NAG,0,0,-114.008814,46.70868973
vp_data,157,NPF,2.67,25.4,-114.008814,46.70868973
vp_data,157,NPG,5.17,49.21,-114.008814,46.70868973
vp_data,158,EAF,1,4.02,-114.0086402,46.70171715
vp_data,158,EAG,6.24,25.06,-114.0086402,46.70171715
vp_data,158,EPF,0.24,0.96,-114.0086402,46.70171715
vp_data,158,EPG,6,24.1,-114.0086402,46.70171715
vp_data,158,NAF,0,0,-114.0086402,46.70171715
vp_data,158,NAG,0,0,-114.0086402,46.70171715
vp_data,158,NPF,0.02,0.08,-114.0086402,46.70171715
vp_data,158,NPG,11.4,45.78,-114.0086402,46.70171715
vp_data,159,EAF,0,0,-114.0120643,46.71753953
vp_data,159,EAG,0.2,0.79,-114.0120643,46.71753953
vp_data,159,EPF,0.8,3.17,-114.0120643,46.71753953
vp_data,159,EPG,7,27.78,-114.0120643,46.71753953
vp_data,159,NAF,0,0,-114.0120643,46.71753953
vp_data,159,NAG,0,0,-114.0120643,46.71753953
vp_data,159,NPF,11.2,44.44,-114.0120643,46.71753953
vp_data,159,NPG,6,23.81,-114.0120643,46.71753953
vp_data,2000,EAF,0.44,1,-114.0189049,46.70247297
vp_data,2000,EAG,0.02,0.05,-114.0189049,46.70247297
vp_data,2000,EPF,5.2,11.78,-114.0189049,46.70247297
vp_data,2000,EPG,1.62,3.67,-114.0189049,46.70247297
vp_data,2000,NAF,0,0,-114.0189049,46.70247297
vp_data,2000,NAG,0.06,0.14,-114.0189049,46.70247297
vp_data,2000,NPF,16.2,36.7,-114.0189049,46.70247297
vp_data,2000,NPG,20.6,46.67,-114.0189049,46.70247297
vp_data,2001,EAF,0.84,3.07,-114.0052916,46.69807827
vp_data,2001,EAG,0,0,-114.0052916,46.69807827
vp_data,2001,EPF,0,0,-114.0052916,46.69807827
vp_data,2001,EPG,0,0,-114.0052916,46.69807827
vp_data,2001,NAF,0.02,0.07,-114.0052916,46.69807827
vp_data,2001,NAG,0.02,0.07,-114.0052916,46.69807827
vp_data,2001,NPF,6.42,23.5,-114.0052916,46.69807827
vp_data,2001,NPG,20.02,73.28,-114.0052916,46.69807827
vp_data,2002,EAF,0.1,0.23,-114.0048266,46.69837111
vp_data,2002,EAG,0.82,1.85,-114.0048266,46.69837111
vp_data,2002,EPF,0.4,0.9,-114.0048266,46.69837111
vp_data,2002,EPG,0,0,-114.0048266,46.69837111
vp_data,2002,NAF,0.02,0.05,-114.0048266,46.69837111
vp_data,2002,NAG,0,0,-114.0048266,46.69837111
vp_data,2002,NPF,17.8,40.14,-114.0048266,46.69837111
vp_data,2002,NPG,25.2,56.83,-114.0048266,46.69837111
vp_data,2003,EAF,1.26,3.53,-114.0032066,46.69610516
vp_data,2003,EAG,0.2,0.56,-114.0032066,46.69610516
vp_data,2003,EPF,0.4,1.12,-114.0032066,46.69610516
vp_data,2003,EPG,0,0,-114.0032066,46.69610516
vp_data,2003,NAF,0.02,0.06,-114.0032066,46.69610516
vp_data,2003,NAG,0,0,-114.0032066,46.69610516
vp_data,2003,NPF,10.6,29.71,-114.0032066,46.69610516
vp_data,2003,NPG,23.2,65.02,-114.0032066,46.69610516
vp_data,2005,EAF,4.02,11.92,-114.0089075,46.69717466
vp_data,2005,EAG,0.02,0.06,-114.0089075,46.69717466
vp_data,2005,EPF,0.62,1.84,-114.0089075,46.69717466
vp_data,2005,EPG,0,0,-114.0089075,46.69717466
vp_data,2005,NAF,0.04,0.12,-114.0089075,46.69717466
vp_data,2005,NAG,0.4,1.19,-114.0089075,46.69717466
vp_data,2005,NPF,1.82,5.4,-114.0089075,46.69717466
vp_data,2005,NPG,26.8,79.48,-114.0089075,46.69717466
vp_data,2006,EAF,2.64,15.75,-114.0096946,46.69730793
vp_data,2006,EAG,0,0,-114.0096946,46.69730793
vp_data,2006,EPF,3.2,19.09,-114.0096946,46.69730793
vp_data,2006,EPG,1,5.97,-114.0096946,46.69730793
vp_data,2006,NAF,0.26,1.55,-114.0096946,46.69730793
vp_data,2006,NAG,0.02,0.12,-114.0096946,46.69730793
vp_data,2006,NPF,7.6,45.35,-114.0096946,46.69730793
vp_data,2006,NPG,2.04,12.17,-114.0096946,46.69730793
vp_data,2007,EAF,0.46,3.01,-114.0126789,46.69631081
vp_data,2007,EAG,1.8,11.78,-114.0126789,46.69631081
vp_data,2007,EPF,3.8,24.87,-114.0126789,46.69631081
vp_data,2007,EPG,2.22,14.53,-114.0126789,46.69631081
vp_data,2007,NAF,0,0,-114.0126789,46.69631081
vp_data,2007,NAG,0,0,-114.0126789,46.69631081
vp_data,2007,NPF,0,0,-114.0126789,46.69631081
vp_data,2007,NPG,7,45.81,-114.0126789,46.69631081
vp_data,2008,EAF,1.42,5.55,-114.0135823,46.69717511
vp_data,2008,EAG,0.24,0.94,-114.0135823,46.69717511
vp_data,2008,EPF,4.6,17.98,-114.0135823,46.69717511
vp_data,2008,EPG,16.02,62.63,-114.0135823,46.69717511
vp_data,2008,NAF,0.04,0.16,-114.0135823,46.69717511
vp_data,2008,NAG,0.04,0.16,-114.0135823,46.69717511
vp_data,2008,NPF,2.2,8.6,-114.0135823,46.69717511
vp_data,2008,NPG,1.02,3.99,-114.0135823,46.69717511
gv_data,21,NAF,1.3,1.0859999999999999,-114.018269,46.720458
gv_data,21,NAG,0,0,-114.018269,46.720458
gv_data,21,NPF,11.9,11.866,-114.018269,46.720458
gv_data,21,NPG,78.4,79.152,-114.018269,46.720458
gv_data,21,EAF,7.8,7.444,-114.018269,46.720458
gv_data,21,EAG,0.3,0.256,-114.018269,46.720458
gv_data,21,EPF,0.2,0.196,-114.018269,46.720458
gv_data,21,EPG,0,0,-114.018269,46.720458
gv_data,24,NAF,3,2.41,-114.008687,46.721782
gv_data,24,NAG,0,0,-114.008687,46.721782
gv_data,24,NPF,9.833333333333334,8.15,-114.008687,46.721782
gv_data,24,NPG,76.5,63.916666666666664,-114.008687,46.721782
gv_data,24,EAF,22.5,18.15,-114.008687,46.721782
gv_data,24,EAG,7,5.8566666666666665,-114.008687,46.721782
gv_data,24,EPF,0.33333333333333337,0.29666666666666663,-114.008687,46.721782
gv_data,24,EPG,1.5,1.2166666666666666,-114.008687,46.721782
gv_data,30,NAF,3.3,3.7359999999999998,-114.01763,46.718253
gv_data,30,NAG,0,0,-114.01763,46.718253
gv_data,30,NPF,7.8,10.178,-114.01763,46.718253
gv_data,30,NPG,16.5,18.759999999999998,-114.01763,46.718253
gv_data,30,EAF,5.1,4.486000000000001,-114.01763,46.718253
gv_data,30,EAG,49.5,49.384,-114.01763,46.718253
gv_data,30,EPF,3.8,4.957999999999999,-114.01763,46.718253
gv_data,30,EPG,5.7,8.5,-114.01763,46.718253
gv_data,31,NAF,6.25,8.16,-114.014436,46.718695
gv_data,31,NAG,0,0,-114.014436,46.718695
gv_data,31,NPF,3.25,4.22,-114.014436,46.718695
gv_data,31,NPG,29.25,36.495,-114.014436,46.718695
gv_data,31,EAF,11.75,16.305,-114.014436,46.718695
gv_data,31,EAG,21.25,31.035,-114.014436,46.718695
gv_data,31,EPF,0.75,1.26,-114.014436,46.718695
gv_data,31,EPG,1.5,2.52,-114.014436,46.718695
gv_data,32,NAF,2.25,1.8050000000000002,-114.011242,46.719136
gv_data,32,NAG,0,0,-114.011242,46.719136
gv_data,32,NPF,44.25,35.565,-114.011242,46.719136
gv_data,32,NPG,71.75,54.644999999999996,-114.011242,46.719136
gv_data,32,EAF,10.5,7.765000000000001,-114.011242,46.719136
gv_data,32,EAG,0.25,0.21,-114.011242,46.719136
gv_data,32,EPF,0,0,-114.011242,46.719136
gv_data,32,EPG,0,0,-114.011242,46.719136
gv_data,33,NAF,2,1.6466666666666667,-114.008048,46.719577
gv_data,33,NAG,0,0,-114.008048,46.719577
gv_data,33,NPF,17,15.23,-114.008048,46.719577
gv_data,33,NPG,75.83333333333333,67.08,-114.008048,46.719577
gv_data,33,EAF,19,15.553333333333333,-114.008048,46.719577
gv_data,33,EAG,0.33333333333333337,0.2833333333333333,-114.008048,46.719577
gv_data,33,EPF,0.16666666666666669,0.2033333333333333,-114.008048,46.719577
gv_data,33,EPG,0,0,-114.008048,46.719577
gv_data,39,NAF,2.3,1.6600000000000001,-114.013797,46.716489
gv_data,39,NAG,0,0,-114.013797,46.716489
gv_data,39,NPF,13.5,11.464,-114.013797,46.716489
gv_data,39,NPG,70.3,65.6,-114.013797,46.716489
gv_data,39,EAF,14.2,10.442,-114.013797,46.716489
gv_data,39,EAG,9.6,8.276,-114.013797,46.716489
gv_data,39,EPF,1,1.088,-114.013797,46.716489
gv_data,39,EPG,1.5,1.47,-114.013797,46.716489
gv_data,40,NAF,1.75,1.4175,-114.010603,46.716931
gv_data,40,NAG,0,0,-114.010603,46.716931
gv_data,40,NPF,13,12.965,-114.010603,46.716931
gv_data,40,NPG,73.125,73.715,-114.010603,46.716931
gv_data,40,EAF,12.375,10.1175,-114.010603,46.716931
gv_data,40,EAG,0.875,0.89,-114.010603,46.716931
gv_data,40,EPF,0.375,0.38749999999999996,-114.010603,46.716931
gv_data,40,EPG,0.5,0.5,-114.010603,46.716931
gv_data,42,NAF,1.25,1.055,-114.004215,46.717813
gv_data,42,NAG,0,0,-114.004215,46.717813
gv_data,42,NPF,18.25,17.59,-114.004215,46.717813
gv_data,42,NPG,69.5,67.265,-114.004215,46.717813
gv_data,42,EAF,3.5,3.6399999999999997,-114.004215,46.717813
gv_data,42,EAG,6.75,6.175,-114.004215,46.717813
gv_data,42,EPF,2.25,2.17,-114.004215,46.717813
gv_data,42,EPG,2.5,2.11,-114.004215,46.717813
gv_data,44,NAF,0.5,0.93,-114.00677,46.715167
gv_data,44,NAG,0,0,-114.00677,46.715167
gv_data,44,NPF,9.7,19.306,-114.00677,46.715167
gv_data,44,NPG,35,67.916,-114.00677,46.715167
gv_data,44,EAF,5.5,10.716,-114.00677,46.715167
gv_data,44,EAG,0.1,0.182,-114.00677,46.715167
gv_data,44,EPF,0.1,0.128,-114.00677,46.715167
gv_data,44,EPG,0.4,0.8260000000000001,-114.00677,46.715167
gv_data,47,NAF,0.3333333333333333,0.2866666666666667,-114.025932,46.712519
gv_data,47,NAG,0,0,-114.025932,46.712519
gv_data,47,NPF,23.333333333333332,20.46,-114.025932,46.712519
gv_data,47,NPG,14.666666666666666,13.186666666666666,-114.025932,46.712519
gv_data,47,EAF,11.166666666666666,9.450000000000001,-114.025932,46.712519
gv_data,47,EAG,55.833333333333336,48.723333333333336,-114.025932,46.712519
gv_data,47,EPF,2.8333333333333335,2.5266666666666664,-114.025932,46.712519
gv_data,47,EPG,6.833333333333334,5.366666666666666,-114.025932,46.712519
gv_data,50,NAF,15.25,9.42,-114.016351,46.713843
gv_data,50,NAG,0,0,-114.016351,46.713843
gv_data,50,NPF,20.5,14.165,-114.016351,46.713843
gv_data,50,NPG,59.25,40.675,-114.016351,46.713843
gv_data,50,EAF,22.25,14.15,-114.016351,46.713843
gv_data,50,EAG,22.25,14.024999999999999,-114.016351,46.713843
gv_data,50,EPF,8.5,5.445,-114.016351,46.713843
gv_data,50,EPG,3,2.115,-114.016351,46.713843
gv_data,51,NAF,2.5,2.2199999999999998,-114.013157,46.714284
gv_data,51,NAG,1.25,1.56,-114.013157,46.714284
gv_data,51,NPF,17.25,18.07,-114.013157,46.714284
gv_data,51,NPG,53.5,50.32,-114.013157,46.714284
gv_data,51,EAF,22.25,17.98,-114.013157,46.714284
gv_data,51,EAG,5.25,3.975,-114.013157,46.714284
gv_data,51,EPF,6.25,5.87,-114.013157,46.714284
gv_data,51,EPG,0,0,-114.013157,46.714284
gv_data,52,NAF,1.5,1.32,-114.009964,46.714725
gv_data,52,NAG,0,0,-114.009964,46.714725
gv_data,52,NPF,2.3333333333333335,2.55,-114.009964,46.714725
gv_data,52,NPG,40.333333333333336,39.18,-114.009964,46.714725
gv_data,52,EAF,12.166666666666666,11.940000000000001,-114.009964,46.714725
gv_data,52,EAG,36.666666666666664,40.586666666666666,-114.009964,46.714725
gv_data,52,EPF,1.8333333333333333,1.9833333333333334,-114.009964,46.714725
gv_data,52,EPG,1.5,2.4400000000000004,-114.009964,46.714725
gv_data,54,NAF,0,0,-114.031679,46.70943
gv_data,54,NAG,0,0,-114.031679,46.70943
gv_data,54,NPF,3,3.35,-114.031679,46.70943
gv_data,54,NPG,7.083333333333334,7,-114.031679,46.70943
gv_data,54,EAF,0.4166666666666667,0.4233333333333333,-114.031679,46.70943
gv_data,54,EAG,0.3333333333333333,0.2816666666666667,-114.031679,46.70943
gv_data,54,EPF,0.08333333333333334,0.08166666666666667,-114.031679,46.70943
gv_data,54,EPG,85.75,88.86,-114.031679,46.70943
gv_data,57,NAF,0.5,0.55,-114.022099,46.710755
gv_data,57,NAG,0,0,-114.022099,46.710755
gv_data,57,NPF,8,10.586666666666666,-114.022099,46.710755
gv_data,57,NPG,41.333333333333336,52.17,-114.022099,46.710755
gv_data,57,EAF,6.666666666666667,7.456666666666667,-114.022099,46.710755
gv_data,57,EAG,21.666666666666668,27.186666666666667,-114.022099,46.710755
gv_data,57,EPF,0.16666666666666669,0.16999999999999998,-114.022099,46.710755
gv_data,57,EPG,1.6666666666666667,1.88,-114.022099,46.710755
gv_data,59,NAF,2,2.455,-114.015712,46.711638
gv_data,59,NAG,0,0,-114.015712,46.711638
gv_data,59,NPF,11.25,12.945,-114.015712,46.711638
gv_data,59,NPG,54,61.215,-114.015712,46.711638
gv_data,59,EAF,4,4.72,-114.015712,46.711638
gv_data,59,EAG,6.25,7.4399999999999995,-114.015712,46.711638
gv_data,59,EPF,4,4.63,-114.015712,46.711638
gv_data,59,EPG,5.5,6.595,-114.015712,46.711638
gv_data,60,NAF,0.3333333333333333,0.5333333333333333,-114.012518,46.712079
gv_data,60,NAG,0,0,-114.012518,46.712079
gv_data,60,NPF,0.5,0.75,-114.012518,46.712079
gv_data,60,NPG,14.333333333333334,21.8,-114.012518,46.712079
gv_data,60,EAF,0.5,0.7666666666666666,-114.012518,46.712079
gv_data,60,EAG,14.5,22.816666666666666,-114.012518,46.712079
gv_data,60,EPF,11.166666666666666,16.273333333333333,-114.012518,46.712079
gv_data,60,EPG,24.333333333333332,37.06666666666667,-114.012518,46.712079
gv_data,61,NAF,1.5,2.4000000000000004,-114.009325,46.71252
gv_data,61,NAG,0,0,-114.009325,46.71252
gv_data,61,NPF,6.666666666666667,9.566666666666666,-114.009325,46.71252
gv_data,61,NPG,19.833333333333332,28.419999999999998,-114.009325,46.71252
gv_data,61,EAF,0.33333333333333337,0.5333333333333334,-114.009325,46.71252
gv_data,61,EAG,11.833333333333334,16.583333333333332,-114.009325,46.71252
gv_data,61,EPF,14.333333333333334,20.393333333333334,-114.009325,46.71252
gv_data,61,EPG,15.166666666666666,22.10666666666667,-114.009325,46.71252
gv_data,62,NAF,0.75,0.97,-114.006131,46.712961
gv_data,62,NAG,0,0,-114.006131,46.712961
gv_data,62,NPF,5.125,7.62,-114.006131,46.712961
gv_data,62,NPG,49,82.195,-114.006131,46.712961
gv_data,62,EAF,4.125,6.74,-114.006131,46.712961
gv_data,62,EAG,0.25,0.52,-114.006131,46.712961
gv_data,62,EPF,0.125,0.13,-114.006131,46.712961
gv_data,62,EPG,1.25,1.8225,-114.006131,46.712961
gv_data,67,NAF,0.75,0.7225,-114.011879,46.709874
gv_data,67,NAG,0.125,0.1375,-114.011879,46.709874
gv_data,67,NPF,12.875,13.82,-114.011879,46.709874
gv_data,67,NPG,53.75,60.495,-114.011879,46.709874
gv_data,67,EAF,11.5,12.0025,-114.011879,46.709874
gv_data,67,EAG,1.25,1.56,-114.011879,46.709874
gv_data,67,EPF,0.25,0.2725,-114.011879,46.709874
gv_data,67,EPG,10.125,10.99,-114.011879,46.709874
gv_data,68,NAF,1.5,1.525,-114.008686,46.710315
gv_data,68,NAG,0,0,-114.008686,46.710315
gv_data,68,NPF,16.25,17.5275,-114.008686,46.710315
gv_data,68,NPG,66.375,73.72,-114.008686,46.710315
gv_data,68,EAF,6.375,6.3025,-114.008686,46.710315
gv_data,68,EAG,0.375,0.47250000000000003,-114.008686,46.710315
gv_data,68,EPF,0.375,0.4575,-114.008686,46.710315
gv_data,68,EPG,0,0,-114.008686,46.710315
gv_data,75,NAF,11.5,8.836666666666666,-114.008047,46.70811
gv_data,75,NAG,0,0,-114.008047,46.70811
gv_data,75,NPF,13.166666666666666,11.976666666666667,-114.008047,46.70811
gv_data,75,NPG,56.666666666666664,53.16,-114.008047,46.70811
gv_data,75,EAF,19,15.436666666666667,-114.008047,46.70811
gv_data,75,EAG,1.3333333333333333,1.5466666666666666,-114.008047,46.70811
gv_data,75,EPF,6.666666666666667,6.043333333333333,-114.008047,46.70811
gv_data,75,EPG,2.333333333333333,2.99,-114.008047,46.70811
gv_data,76,NAF,0.6666666666666666,2.3333333333333335,-114.004854,46.708551
gv_data,76,NAG,0,0,-114.004854,46.708551
gv_data,76,NPF,0.8333333333333333,4.066666666666666,-114.004854,46.708551
gv_data,76,NPG,12.166666666666666,39.11333333333334,-114.004854,46.708551
gv_data,76,EAF,1.3333333333333335,6.296666666666667,-114.004854,46.708551
gv_data,76,EAG,5.5,19.919999999999998,-114.004854,46.708551
gv_data,76,EPF,2.333333333333333,6.393333333333333,-114.004854,46.708551
gv_data,76,EPG,5.333333333333333,21.876666666666665,-114.004854,46.708551
gv_data,84,NAF,0.5,0.5333333333333333,-114.014434,46.707227
gv_data,84,NAG,0,0,-114.014434,46.707227
gv_data,84,NPF,1.1666666666666667,1.0933333333333333,-114.014434,46.707227
gv_data,84,NPG,9.5,8.323333333333334,-114.014434,46.707227
gv_data,84,EAF,25.833333333333332,20.296666666666667,-114.014434,46.707227
gv_data,84,EAG,26.666666666666668,21.703333333333333,-114.014434,46.707227
gv_data,84,EPF,4.333333333333333,3.15,-114.014434,46.707227
gv_data,84,EPG,48.166666666666664,44.89666666666667,-114.014434,46.707227
gv_data,85,NAF,1,1.095,-114.01124,46.707669
gv_data,85,NAG,0.25,0.415,-114.01124,46.707669
gv_data,85,NPF,15.25,17.8,-114.01124,46.707669
gv_data,85,NPG,37.25,45.894999999999996,-114.01124,46.707669
gv_data,85,EAF,27.5,29.27,-114.01124,46.707669
gv_data,85,EAG,0.5,0.64,-114.01124,46.707669
gv_data,85,EPF,1,1.475,-114.01124,46.707669
gv_data,85,EPG,2.5,3.4050000000000002,-114.01124,46.707669
gv_data,95,NAF,0.25,0.21,-114.010602,46.705463
gv_data,95,NAG,0,0,-114.010602,46.705463
gv_data,95,NPF,7.75,7,-114.010602,46.705463
gv_data,95,NPG,83.5,74.675,-114.010602,46.705463
gv_data,95,EAF,7.25,6.305,-114.010602,46.705463
gv_data,95,EAG,2,1.835,-114.010602,46.705463
gv_data,95,EPF,5,4.465,-114.010602,46.705463
gv_data,95,EPG,6.5,5.51,-114.010602,46.705463
gv_data,96,NAF,1.1666666666666667,1.3666666666666667,-114.007408,46.705905
gv_data,96,NAG,0,0,-114.007408,46.705905
gv_data,96,NPF,13.666666666666666,15.58,-114.007408,46.705905
gv_data,96,NPG,38.333333333333336,45.35666666666666,-114.007408,46.705905
gv_data,96,EAF,1.1666666666666667,1.3666666666666667,-114.007408,46.705905
gv_data,96,EAG,7.333333333333333,8.176666666666668,-114.007408,46.705905
gv_data,96,EPF,8,8.823333333333332,-114.007408,46.705905
gv_data,96,EPG,16.333333333333332,19.330000000000002,-114.007408,46.705905
gv_data,97,NAF,2.6666666666666665,2.63,-114.004215,46.706346
gv_data,97,NAG,0,0,-114.004215,46.706346
gv_data,97,NPF,12.333333333333334,13.883333333333333,-114.004215,46.706346
gv_data,97,NPG,72,73.33333333333333,-114.004215,46.706346
gv_data,97,EAF,2,2.026666666666667,-114.004215,46.706346
gv_data,97,EAG,6.5,6.6033333333333335,-114.004215,46.706346
gv_data,97,EPF,1,0.8400000000000001,-114.004215,46.706346
gv_data,97,EPG,0.6666666666666667,0.6799999999999999,-114.004215,46.706346
gv_data,98,NAF,0,0,-114.029121,46.70061
gv_data,98,NAG,0,0,-114.029121,46.70061
gv_data,98,NPF,3.4,3.2359999999999998,-114.029121,46.70061
gv_data,98,NPG,0.3,0.27,-114.029121,46.70061
gv_data,98,EAF,0.4,0.374,-114.029121,46.70061
gv_data,98,EAG,0,0,-114.029121,46.70061
gv_data,98,EPF,0.9,0.8140000000000001,-114.029121,46.70061
gv_data,98,EPG,99.6,95.302,-114.029121,46.70061
gv_data,99,NAF,0.16666666666666669,0.15666666666666668,-114.025928,46.701051
gv_data,99,NAG,0,0,-114.025928,46.701051
gv_data,99,NPF,1.8333333333333335,1.7066666666666666,-114.025928,46.701051
gv_data,99,NPG,0.3333333333333333,0.34,-114.025928,46.701051
gv_data,99,EAF,0.8333333333333334,0.7833333333333333,-114.025928,46.701051
gv_data,99,EAG,0,0,-114.025928,46.701051
gv_data,99,EPF,1.8333333333333335,1.7066666666666666,-114.025928,46.701051
gv_data,99,EPG,103,95.31333333333333,-114.025928,46.701051
gv_data,101,NAF,0.8333333333333333,0.89,-114.019542,46.701934
gv_data,101,NAG,0,0,-114.019542,46.701934
gv_data,101,NPF,6,6.52,-114.019542,46.701934
gv_data,101,NPG,30.333333333333332,31.913333333333334,-114.019542,46.701934
gv_data,101,EAF,11.166666666666666,12.2,-114.019542,46.701934
gv_data,101,EAG,9,9.883333333333333,-114.019542,46.701934
gv_data,101,EPF,24.166666666666668,24.613333333333333,-114.019542,46.701934
gv_data,101,EPG,12.833333333333334,13.98,-114.019542,46.701934
gv_data,102,NAF,0.6666666666666666,0.6066666666666667,-114.016349,46.702376
gv_data,102,NAG,0,0,-114.016349,46.702376
gv_data,102,NPF,10,9.370000000000001,-114.016349,46.702376
gv_data,102,NPG,27.833333333333332,26.203333333333333,-114.016349,46.702376
gv_data,102,EAF,15.333333333333334,14.299999999999999,-114.016349,46.702376
gv_data,102,EAG,11.5,11.370000000000001,-114.016349,46.702376
gv_data,102,EPF,14.333333333333334,13.493333333333332,-114.016349,46.702376
gv_data,102,EPG,26.166666666666668,24.663333333333334,-114.016349,46.702376
gv_data,103,NAF,2,2.2075,-114.013156,46.702817
gv_data,103,NAG,0.125,0.13,-114.013156,46.702817
gv_data,103,NPF,6.5,7.105,-114.013156,46.702817
gv_data,103,NPG,21.75,24.310000000000002,-114.013156,46.702817
gv_data,103,EAF,29.25,33.27,-114.013156,46.702817
gv_data,103,EAG,4,4.2475,-114.013156,46.702817
gv_data,103,EPF,0.875,0.9200000000000002,-114.013156,46.702817
gv_data,103,EPG,25.375,27.8025,-114.013156,46.702817
gv_data,104,NAF,4.75,4.3500000000000005,-114.009963,46.703258
gv_data,104,NAG,0,0,-114.009963,46.703258
gv_data,104,NPF,7.25,6.675,-114.009963,46.703258
gv_data,104,NPG,72.75,68.055,-114.009963,46.703258
gv_data,104,EAF,7.25,6.915000000000001,-114.009963,46.703258
gv_data,104,EAG,3.25,3.14,-114.009963,46.703258
gv_data,104,EPF,0,0,-114.009963,46.703258
gv_data,104,EPG,11.25,10.87,-114.009963,46.703258
gv_data,105,NAF,3.1666666666666665,3.9266666666666663,-114.00677,46.703699
gv_data,105,NAG,0,0,-114.00677,46.703699
gv_data,105,NPF,8.833333333333334,10.993333333333332,-114.00677,46.703699
gv_data,105,NPG,42.833333333333336,58.72,-114.00677,46.703699
gv_data,105,EAF,11.333333333333334,15.856666666666666,-114.00677,46.703699
gv_data,105,EAG,0.8333333333333334,1.3,-114.00677,46.703699
gv_data,105,EPF,7.333333333333333,9.203333333333333,-114.00677,46.703699
gv_data,105,EPG,0,0,-114.00677,46.703699
gv_data,106,NAF,4,3.183333333333333,-114.003528,46.704361
gv_data,106,NAG,0,0,-114.003528,46.704361
gv_data,106,NPF,15.166666666666666,12.673333333333334,-114.003528,46.704361
gv_data,106,NPG,88.83333333333333,72.75666666666666,-114.003528,46.704361
gv_data,106,EAF,3.8333333333333335,3,-114.003528,46.704361
gv_data,106,EAG,9.5,8.006666666666668,-114.003528,46.704361
gv_data,106,EPF,0,0,-114.003528,46.704361
gv_data,106,EPG,0.5,0.37666666666666665,-114.003528,46.704361
gv_data,109,NAF,2.3,2.002,-114.032314,46.700168
gv_data,109,NAG,0,0,-114.032314,46.700168
gv_data,109,NPF,1.2,0.986,-114.032314,46.700168
gv_data,109,NPG,0.5,0.402,-114.032314,46.700168
gv_data,109,EAF,25.3,28.782,-114.032314,46.700168
gv_data,109,EAG,11.9,9.952,-114.032314,46.700168
gv_data,109,EPF,6.8,5.466,-114.032314,46.700168
gv_data,109,EPG,58.1,52.408,-114.032314,46.700168
gv_data,110,NAF,1.5,1.6666666666666667,-114.012517,46.700612
gv_data,110,NAG,0,0,-114.012517,46.700612
gv_data,110,NPF,0.5,0.5633333333333334,-114.012517,46.700612
gv_data,110,NPG,15,16.560000000000002,-114.012517,46.700612
gv_data,110,EAF,0.5,0.5800000000000001,-114.012517,46.700612
gv_data,110,EAG,10.166666666666666,11.27,-114.012517,46.700612
gv_data,110,EPF,17.666666666666668,19.283333333333335,-114.012517,46.700612
gv_data,110,EPG,46.333333333333336,50.07333333333333,-114.012517,46.700612
gv_data,111,NAF,1.5,1.59,-114.009324,46.701053
gv_data,111,NAG,0,0,-114.009324,46.701053
gv_data,111,NPF,2.1666666666666665,2.3233333333333333,-114.009324,46.701053
gv_data,111,NPG,31.333333333333332,35.69,-114.009324,46.701053
gv_data,111,EAF,3.6666666666666665,3.893333333333333,-114.009324,46.701053
gv_data,111,EAG,11.833333333333334,17.036666666666665,-114.009324,46.701053
gv_data,111,EPF,7.166666666666667,9.713333333333333,-114.009324,46.701053
gv_data,111,EPG,22.5,29.750000000000004,-114.009324,46.701053
gv_data,112,NAF,0.875,0.73,-114.006131,46.701494
gv_data,112,NAG,0,0,-114.006131,46.701494
gv_data,112,NPF,5.125,4.93,-114.006131,46.701494
gv_data,112,NPG,16,15.505,-114.006131,46.701494
gv_data,112,EAF,4.25,4.3225,-114.006131,46.701494
gv_data,112,EAG,33.375,36.255,-114.006131,46.701494
gv_data,112,EPF,18.125,19.814999999999998,-114.006131,46.701494
gv_data,112,EPG,18.25,18.445,-114.006131,46.701494
gv_data,113,NAF,2.1666666666666665,1.9366666666666668,-114.002938,46.701935
gv_data,113,NAG,0,0,-114.002938,46.701935
gv_data,113,NPF,4.5,3.8699999999999997,-114.002938,46.701935
gv_data,113,NPG,34.333333333333336,29.1,-114.002938,46.701935
gv_data,113,EAF,4.833333333333333,3.8899999999999997,-114.002938,46.701935
gv_data,113,EAG,42.5,36.11,-114.002938,46.701935
gv_data,113,EPF,20,16.169999999999998,-114.002938,46.701935
gv_data,113,EPG,9.666666666666666,8.926666666666666,-114.002938,46.701935
gv_data,114,NAF,1.75,1.16,-113.999744,46.702376
gv_data,114,NAG,0,0,-113.999744,46.702376
gv_data,114,NPF,7.25,5.824999999999999,-113.999744,46.702376
gv_data,114,NPG,21.25,15.775,-113.999744,46.702376
gv_data,114,EAF,3.25,2.765,-113.999744,46.702376
gv_data,114,EAG,77,59.775000000000006,-113.999744,46.702376
gv_data,114,EPF,17.75,14,-113.999744,46.702376
gv_data,114,EPG,0.75,0.7,-113.999744,46.702376
gv_data,123,NAF,0,0,-114.028481,46.698405
gv_data,123,NAG,0,0,-114.028481,46.698405
gv_data,123,NPF,1.2,1.134,-114.028481,46.698405
gv_data,123,NPG,0.3,0.296,-114.028481,46.698405
gv_data,123,EAF,1.2,1.084,-114.028481,46.698405
gv_data,123,EAG,0.4,0.41200000000000003,-114.028481,46.698405
gv_data,123,EPF,4.4,4.234,-114.028481,46.698405
gv_data,123,EPG,100.2,92.84,-114.028481,46.698405
gv_data,125,NAF,0,0,-114.022096,46.699288
gv_data,125,NAG,0,0,-114.022096,46.699288
gv_data,125,NPF,2,2.5300000000000002,-114.022096,46.699288
gv_data,125,NPG,37.25,49.775,-114.022096,46.699288
gv_data,125,EAF,17,19.89,-114.022096,46.699288
gv_data,125,EAG,8.5,10.59,-114.022096,46.699288
gv_data,125,EPF,0,0,-114.022096,46.699288
gv_data,125,EPG,13,17.21,-114.022096,46.699288
gv_data,126,NAF,0.75,0.8724999999999999,-114.018903,46.699729
gv_data,126,NAG,0,0,-114.018903,46.699729
gv_data,126,NPF,0.625,0.68,-114.018903,46.699729
gv_data,126,NPG,21.625,18.044999999999998,-114.018903,46.699729
gv_data,126,EAF,0.375,0.2675,-114.018903,46.699729
gv_data,126,EAG,29.125,23.6,-114.018903,46.699729
gv_data,126,EPF,17.875,16.52,-114.018903,46.699729
gv_data,126,EPG,16.375,15.015,-114.018903,46.699729
gv_data,127,NAF,0.25,0.25,-114.01571,46.70017
gv_data,127,NAG,0,0,-114.01571,46.70017
gv_data,127,NPF,0.75,0.745,-114.01571,46.70017
gv_data,127,NPG,62.75,66.32000000000001,-114.01571,46.70017
gv_data,127,EAF,0,0,-114.01571,46.70017
gv_data,127,EAG,5.25,5.39,-114.01571,46.70017
gv_data,127,EPF,0,0,-114.01571,46.70017
gv_data,127,EPG,27,27.305,-114.01571,46.70017
gv_data,140,NAF,0,0,-114.021456,46.697083
gv_data,140,NAG,0,0,-114.021456,46.697083
gv_data,140,NPF,1.25,1.08,-114.021456,46.697083
gv_data,140,NPG,18.25,15.8,-114.021456,46.697083
gv_data,140,EAF,29,17.740000000000002,-114.021456,46.697083
gv_data,140,EAG,0.5,0.28,-114.021456,46.697083
gv_data,140,EPF,0,0,-114.021456,46.697083
gv_data,140,EPG,97.75,65.1,-114.021456,46.697083
gv_data,141,NAF,0.3333333333333333,0.44,-114.018264,46.697524
gv_data,141,NAG,0,0,-114.018264,46.697524
gv_data,141,NPF,1.1666666666666667,1.8166666666666667,-114.018264,46.697524
gv_data,141,NPG,8.166666666666666,12.173333333333332,-114.018264,46.697524
gv_data,141,EAF,5,6.726666666666667,-114.018264,46.697524
gv_data,141,EAG,0,0,-114.018264,46.697524
gv_data,141,EPF,0,0,-114.018264,46.697524
gv_data,141,EPG,55.666666666666664,78.84333333333333,-114.018264,46.697524
gv_data,142,NAF,1.5,1.795,-114.015071,46.697965
gv_data,142,NAG,0,0,-114.015071,46.697965
gv_data,142,NPF,0.625,0.81,-114.015071,46.697965
gv_data,142,NPG,2.25,2.6175,-114.015071,46.697965
gv_data,142,EAF,19,17.544999999999998,-114.015071,46.697965
gv_data,142,EAG,2.625,3.55,-114.015071,46.697965
gv_data,142,EPF,0,0,-114.015071,46.697965
gv_data,142,EPG,68.625,73.68249999999999,-114.015071,46.697965
gv_data,143,NAF,0.5,0.5966666666666667,-114.011878,46.698407
gv_data,143,NAG,0.16666666666666669,0.14666666666666667,-114.011878,46.698407
gv_data,143,NPF,5.166666666666667,5.083333333333334,-114.011878,46.698407
gv_data,143,NPG,31.666666666666668,31.216666666666665,-114.011878,46.698407
gv_data,143,EAF,16,14.623333333333333,-114.011878,46.698407
gv_data,143,EAG,25.833333333333332,26.306666666666665,-114.011878,46.698407
gv_data,143,EPF,17.333333333333332,17.66,-114.011878,46.698407
gv_data,143,EPG,5,4.366666666666666,-114.011878,46.698407
gv_data,144,NAF,9.333333333333334,6.503333333333333,-114.008685,46.698848
gv_data,144,NAG,0,0,-114.008685,46.698848
gv_data,144,NPF,8,6.273333333333333,-114.008685,46.698848
gv_data,144,NPG,39.833333333333336,30.273333333333333,-114.008685,46.698848
gv_data,144,EAF,18.666666666666668,13.466666666666667,-114.008685,46.698848
gv_data,144,EAG,15.333333333333334,11.156666666666666,-114.008685,46.698848
gv_data,144,EPF,18.5,13.926666666666666,-114.008685,46.698848
gv_data,144,EPG,24.166666666666668,18.4,-114.008685,46.698848
gv_data,145,NAF,5.5,3.8099999999999996,-114.005492,46.699289
gv_data,145,NAG,0,0,-114.005492,46.699289
gv_data,145,NPF,12.75,8.555,-114.005492,46.699289
gv_data,145,NPG,101.75,70.69999999999999,-114.005492,46.699289
gv_data,145,EAF,18,12.055,-114.005492,46.699289
gv_data,145,EAG,2.25,1.445,-114.005492,46.699289
gv_data,145,EPF,5.25,3.2300000000000004,-114.005492,46.699289
gv_data,145,EPG,0.25,0.2,-114.005492,46.699289
gv_data,150,NAF,0.25,0.255,-114.020817,46.694877
gv_data,150,NAG,0,0,-114.020817,46.694877
gv_data,150,NPF,0,0,-114.020817,46.694877
gv_data,150,NPG,9.5,9.645,-114.020817,46.694877
gv_data,150,EAF,1.25,1.17,-114.020817,46.694877
gv_data,150,EAG,0.5,0.51,-114.020817,46.694877
gv_data,150,EPF,0,0,-114.020817,46.694877
gv_data,150,EPG,99,88.42,-114.020817,46.694877
gv_data,151,NAF,0.125,0.15250000000000002,-114.017625,46.695319
gv_data,151,NAG,0,0,-114.017625,46.695319
gv_data,151,NPF,0,0,-114.017625,46.695319
gv_data,151,NPG,7,8.790000000000001,-114.017625,46.695319
gv_data,151,EAF,0.875,1.1099999999999999,-114.017625,46.695319
gv_data,151,EAG,61.25,81.9075,-114.017625,46.695319
gv_data,151,EPF,1.875,2.2875000000000005,-114.017625,46.695319
gv_data,151,EPG,4.625,5.7524999999999995,-114.017625,46.695319
gv_data,152,NAF,0,0,-114.014432,46.69576
gv_data,152,NAG,0,0,-114.014432,46.69576
gv_data,152,NPF,2.5,3.96,-114.014432,46.69576
gv_data,152,NPG,28.5,34.58,-114.014432,46.69576
gv_data,152,EAF,2.25,3.69,-114.014432,46.69576
gv_data,152,EAG,29.75,41.9,-114.014432,46.69576
gv_data,152,EPF,9.5,11.055,-114.014432,46.69576
gv_data,152,EPG,3,4.815,-114.014432,46.69576
gv_data,153,NAF,0.25,0.34,-114.011239,46.696201
gv_data,153,NAG,0,0,-114.011239,46.696201
gv_data,153,NPF,2.5,3.5549999999999997,-114.011239,46.696201
gv_data,153,NPG,23.5,37.085,-114.011239,46.696201
gv_data,153,EAF,12,22.43,-114.011239,46.696201
gv_data,153,EAG,15.5,24.32,-114.011239,46.696201
gv_data,153,EPF,7,11.59,-114.011239,46.696201
gv_data,153,EPG,0.5,0.675,-114.011239,46.696201
gv_data,154,NAF,0.25,0.675,-114.008046,46.696643
gv_data,154,NAG,0,0,-114.008046,46.696643
gv_data,154,NPF,2,4.055,-114.008046,46.696643
gv_data,154,NPG,22.5,45.495,-114.008046,46.696643
gv_data,154,EAF,18.75,43.92,-114.008046,46.696643
gv_data,154,EAG,1,1.8,-114.008046,46.696643
gv_data,154,EPF,1,2.0250000000000004,-114.008046,46.696643
gv_data,154,EPG,0.75,2.025,-114.008046,46.696643
gv_data,155,NAF,0.75,0.96,-114.004853,46.697084
gv_data,155,NAG,0,0,-114.004853,46.697084
gv_data,155,NPF,14,17.16,-114.004853,46.697084
gv_data,155,NPG,46.25,52.825,-114.004853,46.697084
gv_data,155,EAF,9.25,10.805,-114.004853,46.697084
gv_data,155,EAG,3,3.125,-114.004853,46.697084
gv_data,155,EPF,11.75,12.61,-114.004853,46.697084
gv_data,155,EPG,1.75,2.52,-114.004853,46.697084
gv_data,156,NAF,6.75,7.29,-114.001661,46.697525
gv_data,156,NAG,0,0,-114.001661,46.697525
gv_data,156,NPF,11.25,12.34,-114.001661,46.697525
gv_data,156,NPG,37.75,40.620000000000005,-114.001661,46.697525
gv_data,156,EAF,19.5,23.125,-114.001661,46.697525
gv_data,156,EAG,5,5.1899999999999995,-114.001661,46.697525
gv_data,156,EPF,12.25,11.440000000000001,-114.001661,46.697525
gv_data,156,EPG,0,0,-114.001661,46.697525
gv_data,167,NAF,1.6666666666666665,1.2066666666666666,-114.001022,46.695319
gv_data,167,NAG,0,0,-114.001022,46.695319
gv_data,167,NPF,2.3333333333333335,2.02,-114.001022,46.695319
gv_data,167,NPG,24.833333333333332,19.03666666666667,-114.001022,46.695319
gv_data,167,EAF,8.5,8.49,-114.001022,46.695319
gv_data,167,EAG,75,59.24666666666666,-114.001022,46.695319
gv_data,167,EPF,9.166666666666666,6.9366666666666665,-114.001022,46.695319
gv_data,167,EPG,4.166666666666667,3.0566666666666666,-114.001022,46.695319
gv_data,168,NAF,10.25,8.445,-113.997829,46.69576
gv_data,168,NAG,0,0,-113.997829,46.69576
gv_data,168,NPF,6.5,5.89,-113.997829,46.69576
gv_data,168,NPG,50.25,40.79,-113.997829,46.69576
gv_data,168,EAF,7.25,6.43,-113.997829,46.69576
gv_data,168,EAG,38.5,32.985,-113.997829,46.69576
gv_data,168,EPF,5.5,4.6,-113.997829,46.69576
gv_data,168,EPG,1,0.865,-113.997829,46.69576
gv_data,182,NAF,3.25,2.175,-113.993998,46.693996
gv_data,182,NAG,0,0,-113.993998,46.693996
gv_data,182,NPF,40.5,26.825,-113.993998,46.693996
gv_data,182,NPG,103,69.19,-113.993998,46.693996
gv_data,182,EAF,0.5,0.36,-113.993998,46.693996
gv_data,182,EAG,1.75,1.1199999999999999,-113.993998,46.693996
gv_data,182,EPF,0.25,0.18,-113.993998,46.693996
gv_data,182,EPG,0.25,0.155,-113.993998,46.693996
gv_data,195,NAF,0.16666666666666669,0.1433333333333333,-114.016347,46.690908
gv_data,195,NAG,0,0,-114.016347,46.690908
gv_data,195,NPF,0.3333333333333333,0.33666666666666667,-114.016347,46.690908
gv_data,195,NPG,19.166666666666668,18.573333333333334,-114.016347,46.690908
gv_data,195,EAF,3.5,3.13,-114.016347,46.690908
gv_data,195,EAG,59.666666666666664,56.11333333333334,-114.016347,46.690908
gv_data,195,EPF,2,1.8766666666666667,-114.016347,46.690908
gv_data,195,EPG,20.833333333333332,19.82,-114.016347,46.690908
gv_data,205,NAF,5.75,4.0649999999999995,-114.009323,46.689586
gv_data,205,NAG,0,0,-114.009323,46.689586
gv_data,205,NPF,22.25,15.555,-114.009323,46.689586
gv_data,205,NPG,95.25,66.625,-114.009323,46.689586
gv_data,205,EAF,8.25,5.83,-114.009323,46.689586
gv_data,205,EAG,8.75,6.175,-114.009323,46.689586
gv_data,205,EPF,2,1.395,-114.009323,46.689586
gv_data,205,EPG,0.5,0.355,-114.009323,46.689586
gv_data,206,NAF,5.333333333333334,3.8999999999999995,-114.00613,46.690027
gv_data,206,NAG,0,0,-114.00613,46.690027
gv_data,206,NPF,13.666666666666666,10.693333333333333,-114.00613,46.690027
gv_data,206,NPG,79.66666666666667,63.20333333333333,-114.00613,46.690027
gv_data,206,EAF,6.5,4.99,-114.00613,46.690027
gv_data,206,EAG,15.333333333333334,11.55,-114.00613,46.690027
gv_data,206,EPF,6.666666666666667,5.036666666666667,-114.00613,46.690027
gv_data,206,EPG,0.8333333333333333,0.6233333333333333,-114.00613,46.690027
gv_data,208,NAF,3.25,2.1550000000000002,-113.990167,46.692231
gv_data,208,NAG,0,0,-113.990167,46.692231
gv_data,208,NPF,24,15.605,-113.990167,46.692231
gv_data,208,NPG,94.75,62.084999999999994,-113.990167,46.692231
gv_data,208,EAF,3.25,2.125,-113.990167,46.692231
gv_data,208,EAG,7.5,5.029999999999999,-113.990167,46.692231
gv_data,208,EPF,20,13,-113.990167,46.692231
gv_data,208,EPG,0,0,-113.990167,46.692231
gv_data,209,NAF,2,2.0933333333333333,-113.986974,46.692672
gv_data,209,NAG,0,0,-113.986974,46.692672
gv_data,209,NPF,10.5,12.8,-113.986974,46.692672
gv_data,209,NPG,37,44.70666666666666,-113.986974,46.692672
gv_data,209,EAF,3.1666666666666665,3.736666666666667,-113.986974,46.692672
gv_data,209,EAG,11.666666666666666,12.716666666666667,-113.986974,46.692672
gv_data,209,EPF,9.333333333333334,10.706666666666667,-113.986974,46.692672
gv_data,209,EPG,10,13.243333333333332,-113.986974,46.692672
gv_data,220,NAF,1.75,1.64,-113.989529,46.690026
gv_data,220,NAG,0,0,-113.989529,46.690026
gv_data,220,NPF,10.75,9.985,-113.989529,46.690026
gv_data,220,NPG,86.5,73.495,-113.989529,46.690026
gv_data,220,EAF,8,5.185,-113.989529,46.690026
gv_data,220,EAG,0.25,0.155,-113.989529,46.690026
gv_data,220,EPF,9.75,9.545,-113.989529,46.690026
gv_data,220,EPG,0,0,-113.989529,46.690026
gv_data,225,NAF,0.16666666666666669,2.38,-114.034222,46.683849
gv_data,225,NAG,0,0,-114.034222,46.683849
gv_data,225,NPF,0,0,-114.034222,46.683849
gv_data,225,NPG,30,27.256666666666668,-114.034222,46.683849
gv_data,225,EAF,5.166666666666666,3.17,-114.034222,46.683849
gv_data,225,EAG,30.166666666666664,23.746666666666666,-114.034222,46.683849
gv_data,225,EPF,28.666666666666664,41.43666666666667,-114.034222,46.683849
gv_data,225,EPG,2.5,2.01,-114.034222,46.683849
gv_data,234,NAF,0.75,0.82,-113.988891,46.687821
gv_data,234,NAG,0,0,-113.988891,46.687821
gv_data,234,NPF,19.5,24.61,-113.988891,46.687821
gv_data,234,NPG,22.75,35.925,-113.988891,46.687821
gv_data,234,EAF,2,2.38,-113.988891,46.687821
gv_data,234,EAG,27.5,36.265,-113.988891,46.687821
gv_data,234,EPF,0,0,-113.988891,46.687821
gv_data,234,EPG,0,0,-113.988891,46.687821
gv_data,248,NAF,3,2.3966666666666665,-114.011238,46.684734
gv_data,248,NAG,0,0,-114.011238,46.684734
gv_data,248,NPF,5.333333333333333,4.86,-114.011238,46.684734
gv_data,248,NPG,20,19.17,-114.011238,46.684734
gv_data,248,EAF,4.333333333333333,4.386666666666667,-114.011238,46.684734
gv_data,248,EAG,35.5,30.766666666666666,-114.011238,46.684734
gv_data,248,EPF,14,12.39,-114.011238,46.684734
gv_data,248,EPG,28.666666666666668,26.03,-114.011238,46.684734
gv_data,249,NAF,3,1.73,-114.008045,46.685175
gv_data,249,NAG,0,0,-114.008045,46.685175
gv_data,249,NPF,15,11.643333333333333,-114.008045,46.685175
gv_data,249,NPG,46.666666666666664,35.63,-114.008045,46.685175
gv_data,249,EAF,24.5,16.796666666666667,-114.008045,46.685175
gv_data,249,EAG,29.333333333333332,20.943333333333335,-114.008045,46.685175
gv_data,249,EPF,17.166666666666668,11.666666666666668,-114.008045,46.685175
gv_data,249,EPG,1.8333333333333335,1.5933333333333333,-114.008045,46.685175
gv_data,311,NAF,1,0.73,-113.979955,46.679881
gv_data,311,NAG,0,0,-113.979955,46.679881
gv_data,311,NPF,37,31.423333333333332,-113.979955,46.679881
gv_data,311,NPG,31.5,24.426666666666666,-113.979955,46.679881
gv_data,311,EAF,2.5,1.7033333333333334,-113.979955,46.679881
gv_data,311,EAG,7.833333333333334,5.553333333333333,-113.979955,46.679881
gv_data,311,EPF,23,17.346666666666668,-113.979955,46.679881
gv_data,311,EPG,22.5,18.81,-113.979955,46.679881
gv_data,337,NAF,0,0,-113.97868,46.67547
gv_data,337,NAG,0,0,-113.97868,46.67547
gv_data,337,NPF,4.333333333333333,7.676666666666667,-113.97868,46.67547
gv_data,337,NPG,1.5,2.83,-113.97868,46.67547
gv_data,337,EAF,0.8333333333333333,1.7466666666666668,-113.97868,46.67547
gv_data,337,EAG,1.5,2.91,-113.97868,46.67547
gv_data,337,EPF,3.6666666666666665,6.996666666666667,-113.97868,46.67547
gv_data,337,EPG,40.333333333333336,77.83666666666667,-113.97868,46.67547
gv_data,338,NAF,8.333333333333334,9.586666666666668,-113.975488,46.67591
gv_data,338,NAG,0,0,-113.975488,46.67591
gv_data,338,NPF,4.5,6.486666666666666,-113.975488,46.67591
gv_data,338,NPG,40.166666666666664,59.31333333333333,-113.975488,46.67591
gv_data,338,EAF,11.166666666666666,16.316666666666666,-113.975488,46.67591
gv_data,338,EAG,0,0,-113.975488,46.67591
gv_data,338,EPF,5.833333333333333,7.7,-113.975488,46.67591
gv_data,338,EPG,0.3333333333333333,0.6,-113.975488,46.67591
gv_data,339,NAF,0.6666666666666667,0.32999999999999996,-113.97241,46.676554
gv_data,339,NAG,0,0,-113.97241,46.676554
gv_data,339,NPF,50.166666666666664,29.166666666666668,-113.97241,46.676554
gv_data,339,NPG,31.833333333333332,19.580000000000002,-113.97241,46.676554
gv_data,339,EAF,0.6666666666666666,0.37,-113.97241,46.676554
gv_data,339,EAG,0,0,-113.97241,46.676554
gv_data,339,EPF,31.333333333333332,18.053333333333335,-113.97241,46.676554
gv_data,339,EPG,57.666666666666664,32.50333333333333,-113.97241,46.676554
gv_data,347,NAF,2.666666666666667,2.5633333333333335,-114.016342,46.667974
gv_data,347,NAG,0,0,-114.016342,46.667974
gv_data,347,NPF,6.333333333333333,8.203333333333333,-114.016342,46.667974
gv_data,347,NPG,20.833333333333332,32.77666666666667,-114.016342,46.667974
gv_data,347,EAF,5.333333333333333,7.376666666666667,-114.016342,46.667974
gv_data,347,EAG,21.666666666666668,23.166666666666668,-114.016342,46.667974
gv_data,347,EPF,0.6666666666666666,0.94,-114.016342,46.667974
gv_data,347,EPG,18.833333333333332,24.966666666666665,-114.016342,46.667974
gv_data,348,NAF,0,0,-114.013151,46.668415
gv_data,348,NAG,0,0,-114.013151,46.668415
gv_data,348,NPF,1,4.006666666666667,-114.013151,46.668415
gv_data,348,NPG,17.166666666666668,59.946666666666665,-114.013151,46.668415
gv_data,348,EAF,10.333333333333334,26.596666666666668,-114.013151,46.668415
gv_data,348,EAG,0.33333333333333337,1.13,-114.013151,46.668415
gv_data,348,EPF,0,0,-114.013151,46.668415
gv_data,348,EPG,2.3333333333333335,8.313333333333333,-114.013151,46.668415
gv_data,352,NAF,2.1666666666666665,2.7533333333333334,-114.015703,46.665769
gv_data,352,NAG,0,0,-114.015703,46.665769
gv_data,352,NPF,1.6666666666666667,2.2733333333333334,-114.015703,46.665769
gv_data,352,NPG,44,57.160000000000004,-114.015703,46.665769
gv_data,352,EAF,3.1666666666666665,5.183333333333334,-114.015703,46.665769
gv_data,352,EAG,17,20.990000000000002,-114.015703,46.665769
gv_data,352,EPF,0.16666666666666669,0.22000000000000003,-114.015703,46.665769
gv_data,352,EPG,7.333333333333333,11.416666666666666,-114.015703,46.665769
gv_data,353,NAF,0.25,0.26,-114.012512,46.66621
gv_data,353,NAG,0,0,-114.012512,46.66621
gv_data,353,NPF,1.5,1.57,-114.012512,46.66621
gv_data,353,NPG,30.5,48.135,-114.012512,46.66621
gv_data,353,EAF,12.25,15.21,-114.012512,46.66621
gv_data,353,EAG,22.5,25.23,-114.012512,46.66621
gv_data,353,EPF,0,0,-114.012512,46.66621
gv_data,353,EPG,5.75,9.595,-114.012512,46.66621
gv_data,354,NAF,0.6666666666666666,1.0633333333333332,-114.009321,46.666651
gv_data,354,NAG,0,0,-114.009321,46.666651
gv_data,354,NPF,6.833333333333333,9.566666666666666,-114.009321,46.666651
gv_data,354,NPG,50.666666666666664,71.30333333333333,-114.009321,46.666651
gv_data,354,EAF,13.166666666666666,17.63,-114.009321,46.666651
gv_data,354,EAG,0.16666666666666669,0.24666666666666665,-114.009321,46.666651
gv_data,354,EPF,0,0,-114.009321,46.666651
gv_data,354,EPG,0.16666666666666669,0.1866666666666667,-114.009321,46.666651
gv_data,355,NAF,5,4.57,-114.006129,46.667092
gv_data,355,NAG,0,0,-114.006129,46.667092
gv_data,355,NPF,19.833333333333332,17.606666666666666,-114.006129,46.667092
gv_data,355,NPG,65.33333333333333,58.553333333333335,-114.006129,46.667092
gv_data,355,EAF,6.833333333333333,6.196666666666666,-114.006129,46.667092
gv_data,355,EAG,10.333333333333334,9.543333333333333,-114.006129,46.667092
gv_data,355,EPF,3.5,3.5266666666666664,-114.006129,46.667092
gv_data,355,EPG,0,0,-114.006129,46.667092
gv_data,356,NAF,1.5,2.24,-114.008682,46.664446
gv_data,356,NAG,0,0,-114.008682,46.664446
gv_data,356,NPF,14,19.564999999999998,-114.008682,46.664446
gv_data,356,NPG,44.75,64.17,-114.008682,46.664446
gv_data,356,EAF,9.5,14.025,-114.008682,46.664446
gv_data,356,EAG,0,0,-114.008682,46.664446
gv_data,356,EPF,0,0,-114.008682,46.664446
gv_data,356,EPG,0,0,-114.008682,46.664446
gv_data,357,NAF,1.857142857142857,1.2414285714285713,-114.005491,46.664887
gv_data,357,NAG,0,0,-114.005491,46.664887
gv_data,357,NPF,17.857142857142858,13.154285714285715,-114.005491,46.664887
gv_data,357,NPG,63.714285714285715,47.04,-114.005491,46.664887
gv_data,357,EAF,17.571428571428573,12.648571428571428,-114.005491,46.664887
gv_data,357,EAG,7.857142857142857,4.914285714285715,-114.005491,46.664887
gv_data,357,EPF,8.428571428571429,6.5285714285714285,-114.005491,46.664887
gv_data,357,EPG,0.21428571428571427,0.18857142857142856,-114.005491,46.664887
gv_data,384,NAF,0.75,1.005,-114.001686,46.708988
gv_data,384,NAG,0,0,-114.001686,46.708988
gv_data,384,NPF,12.5,14.955,-114.001686,46.708988
gv_data,384,NPG,52,60.855000000000004,-114.001686,46.708988
gv_data,384,EAF,6.25,7.6,-114.001686,46.708988
gv_data,384,EAG,0.25,0.255,-114.001686,46.708988
gv_data,384,EPF,13.5,14.325,-114.001686,46.708988
gv_data,384,EPG,0.75,1.005,-114.001686,46.708988
gv_data,386,NAF,4.25,3.0200000000000005,-113.995299,46.70987
gv_data,386,NAG,0,0,-113.995299,46.70987
gv_data,386,NPF,12.5,10.82,-113.995299,46.70987
gv_data,386,NPG,73.25,70.16499999999999,-113.995299,46.70987
gv_data,386,EAF,0.25,0.165,-113.995299,46.70987
gv_data,386,EAG,1.25,1.605,-113.995299,46.70987
gv_data,386,EPF,17.75,13.150000000000002,-113.995299,46.70987
gv_data,386,EPG,0.75,1.08,-113.995299,46.70987
gv_data,394,NAF,14.166666666666666,8.92,-114.002324,46.711194
gv_data,394,NAG,0.16666666666666669,0.19,-114.002324,46.711194
gv_data,394,NPF,26.166666666666668,19.35333333333333,-114.002324,46.711194
gv_data,394,NPG,39,32.32666666666667,-114.002324,46.711194
gv_data,394,EAF,2.5,1.9566666666666666,-114.002324,46.711194
gv_data,394,EAG,30.5,21.07,-114.002324,46.711194
gv_data,394,EPF,16.166666666666668,11.446666666666667,-114.002324,46.711194
gv_data,394,EPG,6.833333333333333,4.733333333333333,-114.002324,46.711194
gv_data,402,NAF,3.1666666666666665,2.3833333333333333,-114.002963,46.713399
gv_data,402,NAG,0,0,-114.002963,46.713399
gv_data,402,NPF,19.166666666666668,17.126666666666665,-114.002963,46.713399
gv_data,402,NPG,63.666666666666664,60.50666666666667,-114.002963,46.713399
gv_data,402,EAF,8.666666666666666,7.266666666666667,-114.002963,46.713399
gv_data,402,EAG,9,7.373333333333333,-114.002963,46.713399
gv_data,402,EPF,6.5,4.783333333333333,-114.002963,46.713399
gv_data,402,EPG,0.8333333333333333,0.56,-114.002963,46.713399
gv_data,403,NAF,0.4,0.374,-113.999769,46.71384
gv_data,403,NAG,0,0,-113.999769,46.71384
gv_data,403,NPF,4.7,6.014,-113.999769,46.71384
gv_data,403,NPG,33.9,39.598,-113.999769,46.71384
gv_data,403,EAF,5.3,5.726,-113.999769,46.71384
gv_data,403,EAG,36.1,40.112,-113.999769,46.71384
gv_data,403,EPF,2,2.362,-113.999769,46.71384
gv_data,403,EPG,5.5,5.816,-113.999769,46.71384
gv_data,412,NAF,5.166666666666667,4.06,-114.003602,46.715604
gv_data,412,NAG,0,0,-114.003602,46.715604
gv_data,412,NPF,14.333333333333334,11.713333333333333,-114.003602,46.715604
gv_data,412,NPG,63.166666666666664,55.343333333333334,-114.003602,46.715604
gv_data,412,EAF,23.166666666666668,18.11,-114.003602,46.715604
gv_data,412,EAG,2.6666666666666665,2.126666666666667,-114.003602,46.715604
gv_data,412,EPF,11,8.65,-114.003602,46.715604
gv_data,412,EPG,0,0,-114.003602,46.715604
gv_data,419,NAF,4,2.51,-113.997853,46.718691
gv_data,419,NAG,0,0,-113.997853,46.718691
gv_data,419,NPF,24.75,16.715,-113.997853,46.718691
gv_data,419,NPG,106,72.78,-113.997853,46.718691
gv_data,419,EAF,4.25,2.695,-113.997853,46.718691
gv_data,419,EAG,3,2.06,-113.997853,46.718691
gv_data,419,EPF,2.75,1.8399999999999999,-113.997853,46.718691
gv_data,419,EPG,2.25,1.395,-113.997853,46.718691
gv_data,512,NAF,10.666666666666666,8.826666666666666,-113.994639,46.690889
gv_data,512,NAG,0,0,-113.994639,46.690889
gv_data,512,NPF,24,21.696666666666665,-113.994639,46.690889
gv_data,512,NPG,33.666666666666664,29.01,-113.994639,46.690889
gv_data,512,EAF,0.5,0.47,-113.994639,46.690889
gv_data,512,EAG,9.166666666666666,8.5,-113.994639,46.690889
gv_data,512,EPF,4.5,3.92,-113.994639,46.690889
gv_data,512,EPG,29.333333333333332,27.583333333333332,-113.994639,46.690889
gv_data,539,NAF,0.375,0.27,-114.002295,46.66519
gv_data,539,NAG,0,0,-114.002295,46.66519
gv_data,539,NPF,15.375,14.2975,-114.002295,46.66519
gv_data,539,NPG,36.375,29.8625,-114.002295,46.66519
gv_data,539,EAF,21.375,15.5125,-114.002295,46.66519
gv_data,539,EAG,31.875,28.08,-114.002295,46.66519
gv_data,539,EPF,2.5,2.4675,-114.002295,46.66519
gv_data,539,EPG,10.625,9.5075,-114.002295,46.66519
gv_data,543,NAF,0.75,0.55,-113.999949,46.668114
gv_data,543,NAG,0,0,-113.999949,46.668114
gv_data,543,NPF,8.5,6.665,-113.999949,46.668114
gv_data,543,NPG,17.25,11.629999999999999,-113.999949,46.668114
gv_data,543,EAF,15.25,9.945,-113.999949,46.668114
gv_data,543,EAG,27.5,25.295,-113.999949,46.668114
gv_data,543,EPF,24.25,16.64,-113.999949,46.668114
gv_data,543,EPG,39.5,29.275,-113.999949,46.668114
gv_data,544,NAF,1.3333333333333333,1.2,-113.99909,46.665771
gv_data,544,NAG,0,0,-113.99909,46.665771
gv_data,544,NPF,4.166666666666667,6.266666666666667,-113.99909,46.665771
gv_data,544,NPG,43.666666666666664,53.35333333333333,-113.99909,46.665771
gv_data,544,EAF,10.333333333333334,9.370000000000001,-113.99909,46.665771
gv_data,544,EAG,3,3.5166666666666666,-113.99909,46.665771
gv_data,544,EPF,3,3.7333333333333334,-113.99909,46.665771
gv_data,544,EPG,17.666666666666668,22.563333333333333,-113.99909,46.665771
gv_data,550,NAF,0.16666666666666669,0.19,-113.988149,46.673384
gv_data,550,NAG,0,0,-113.988149,46.673384
gv_data,550,NPF,5.833333333333333,8.056666666666667,-113.988149,46.673384
gv_data,550,NPG,27,40.07666666666667,-113.988149,46.673384
gv_data,550,EAF,8.666666666666666,10.826666666666666,-113.988149,46.673384
gv_data,550,EAG,10,13.393333333333334,-113.988149,46.673384
gv_data,550,EPF,10.333333333333334,14.600000000000001,-113.988149,46.673384
gv_data,550,EPG,9.333333333333334,12.856666666666667,-113.988149,46.673384
gv_data,555,NAF,0.5,0.47,-113.984223,46.671933
gv_data,555,NAG,0,0,-113.984223,46.671933
gv_data,555,NPF,22.5,19.555,-113.984223,46.671933
gv_data,555,NPG,85.75,74.85,-113.984223,46.671933
gv_data,555,EAF,2.25,2.05,-113.984223,46.671933
gv_data,555,EAG,3,2.44,-113.984223,46.671933
gv_data,555,EPF,0,0,-113.984223,46.671933
gv_data,555,EPG,0.75,0.64,-113.984223,46.671933
gv_data,556,NAF,1,1.23,-113.986795,46.669418
gv_data,556,NAG,0,0,-113.986795,46.669418
gv_data,556,NPF,3.6666666666666665,3.8433333333333333,-113.986795,46.669418
gv_data,556,NPG,18.166666666666668,19.02,-113.986795,46.669418
gv_data,556,EAF,19,16.939999999999998,-113.986795,46.669418
gv_data,556,EAG,32.166666666666664,32.74666666666667,-113.986795,46.669418
gv_data,556,EPF,20.333333333333332,20.26666666666667,-113.986795,46.669418
gv_data,556,EPG,5,5.953333333333333,-113.986795,46.669418
gv_data,557,NAF,0.16666666666666669,0.23666666666666664,-113.98356,46.670002
gv_data,557,NAG,0,0,-113.98356,46.670002
gv_data,557,NPF,1.3333333333333333,1.6033333333333333,-113.98356,46.670002
gv_data,557,NPG,6.5,8.99,-113.98356,46.670002
gv_data,557,EAF,19.833333333333332,18.046666666666667,-113.98356,46.670002
gv_data,557,EAG,10.333333333333334,12.573333333333334,-113.98356,46.670002
gv_data,557,EPF,37.333333333333336,39.56666666666666,-113.98356,46.670002
gv_data,557,EPG,19.666666666666668,18.98,-113.98356,46.670002
gv_data,558,NAF,1.375,1.76,-113.986055,46.667402
gv_data,558,NAG,0,0,-113.986055,46.667402
gv_data,558,NPF,5.75,7.8950000000000005,-113.986055,46.667402
gv_data,558,NPG,23.5,34.64,-113.986055,46.667402
gv_data,558,EAF,6.5,8.4225,-113.986055,46.667402
gv_data,558,EAG,0.875,1.9225,-113.986055,46.667402
gv_data,558,EPF,4.25,6.235,-113.986055,46.667402
gv_data,558,EPG,28.75,39.125,-113.986055,46.667402
gv_data,559,NAF,0,0,-113.982886,46.667843
gv_data,559,NAG,0,0,-113.982886,46.667843
gv_data,559,NPF,1.5,1.6300000000000001,-113.982886,46.667843
gv_data,559,NPG,90,93.47,-113.982886,46.667843
gv_data,559,EAF,2.75,2.8,-113.982886,46.667843
gv_data,559,EAG,0,0,-113.982886,46.667843
gv_data,559,EPF,2,1.87,-113.982886,46.667843
gv_data,559,EPG,0.25,0.235,-113.982886,46.667843
gv_data,573,NAF,0.25,0.15,-114.004218,46.694851
gv_data,573,NAG,0,0,-114.004218,46.694851
gv_data,573,NPF,1,0.605,-114.004218,46.694851
gv_data,573,NPG,31.5,24.134999999999998,-114.004218,46.694851
gv_data,573,EAF,7.5,4.674999999999999,-114.004218,46.694851
gv_data,573,EAG,30.5,23.14,-114.004218,46.694851
gv_data,573,EPF,10.25,9.58,-114.004218,46.694851
gv_data,573,EPG,46,37.715,-114.004218,46.694851
gv_data,575,NAF,2.1666666666666665,1.3800000000000001,-114.016703,46.693002
gv_data,575,NAG,0,0,-114.016703,46.693002
gv_data,575,NPF,14.5,8.83,-114.016703,46.693002
gv_data,575,NPG,60.5,39.88333333333333,-114.016703,46.693002
gv_data,575,EAF,28.666666666666668,16.923333333333332,-114.016703,46.693002
gv_data,575,EAG,31.833333333333332,21.243333333333332,-114.016703,46.693002
gv_data,575,EPF,11.333333333333334,7.316666666666666,-114.016703,46.693002
gv_data,575,EPG,6.666666666666667,4.426666666666667,-114.016703,46.693002
gv_data,576,NAF,2,3.03,-114.013474,46.692452
gv_data,576,NAG,0,0,-114.013474,46.692452
gv_data,576,NPF,9.25,10.61,-114.013474,46.692452
gv_data,576,NPG,66.5,75.37,-114.013474,46.692452
gv_data,576,EAF,1.75,1.7999999999999998,-114.013474,46.692452
gv_data,576,EAG,6,8.945,-114.013474,46.692452
gv_data,576,EPF,0.25,0.235,-114.013474,46.692452
gv_data,576,EPG,0,0,-114.013474,46.692452
gv_data,578,NAF,5,7.94,-114.007752,46.691563
gv_data,578,NAG,0,0,-114.007752,46.691563
gv_data,578,NPF,6,9.52,-114.007752,46.691563
gv_data,578,NPG,46.5,73.81,-114.007752,46.691563
gv_data,578,EAF,1,1.59,-114.007752,46.691563
gv_data,578,EAG,4.5,7.14,-114.007752,46.691563
gv_data,578,EPF,0,0,-114.007752,46.691563
gv_data,578,EPG,0,0,-114.007752,46.691563
gv_data,582,NAF,3.25,3.04,-113.987438,46.691521
gv_data,582,NAG,0,0,-113.987438,46.691521
gv_data,582,NPF,3.375,3.1424999999999996,-113.987438,46.691521
gv_data,582,NPG,11,10.18,-113.987438,46.691521
gv_data,582,EAF,9.75,9.035,-113.987438,46.691521
gv_data,582,EAG,55.125,50.8425,-113.987438,46.691521
gv_data,582,EPF,18.75,16.8975,-113.987438,46.691521
gv_data,582,EPG,7.5,6.865,-113.987438,46.691521
